Citation,DOI,Publication_Year,Paper_ID,Observation_ID,Cohort,Cohort_ID,Latitude,Longitude,Climate_region,Continent,Country,Ecosystem,Plant_invader,Scientific_name,Invsive_plant_ID,Response_variable,Response_variable_broad_cat,Response_variable_classification,Response_plant,Response_plant_scientific_name,Invader_Growth_form,Response_Plant_Growth_form,Growth_form_simililarity,Invader_Flower_symmetry,Response_plant_Flower_symmetry,Flower_symmetry_similarity,Invader_Flower_colour,Response_plant_Flower_colour,Flower_colour_similarity,Pollinator_Taxonomic_affilaition,Order,Source,Study_design,Comparison,n1i,m1i,sd1i,n2i,m2i,sd2i
"Geerts & Pauw, 2009. Oikos, 118:  573-579",10.1111/j.1600-0706.2008.17167.x,2009,PR01,OBS01,CHT01,CHT01,-29.96361111,17.6375,Non-tropical,Africa,South Africa,Forest,Nicotiana glauca,Nicotiana glauca,SP37,Average number of sunbirds,Abundance,Pollinator,NA,NA,Woody,NA,,,NA,,Yellow,NA,,Aves,Passeriformes,Figure 6,Observational,Invaded vs Uninvaded,8,2.87,1.81019336,10,0.19,0.411096096
"Gooden et al., 2014. Plant Ecology, 215: 567-580",10.1007/s11258-014-0324-0,2014,PR02,OBS02,CHT02,CHT02,-36.0649405,148.7837142,Non-tropical,Australia,Australia,Forest,Stenotaphrum secundatum,Stenotaphrum secundatum,SP61,Proportion of floral units developing into capsules:,Fruit set,Pollination,Juncus kraussii ssp. australiensis,juncus kraussii subsp. australiensis,Non-woody,Non-woody,Dissimilar,Zygomorphic,Actinomorphic,Dissimilar,Green/white_cream/yellow_orange,Reddish-brown,Dissimilar,NA,,Figure 3b,Observational,Invaded vs Uninvaded,25,10.93,12,25,16.73,17.95
"Gooden et al., 2014. Plant Ecology, 215: 567-580",10.1007/s11258-014-0324-0,2014,PR02,OBS03,CHT02,CHT02,-36.0649405,148.7837142,Non-tropical,Australia,Australia,Forest,Stenotaphrum secundatum,Stenotaphrum secundatum,SP61,Infructescence output,Fruit set,Pollination,Baumea juncea,Machaerina juncea,Non-woody,Non-woody,Dissimilar,Zygomorphic,Actinomorphic,Dissimilar,Green/white_cream/yellow_orange,Reddish-brown,Dissimilar,NA,,Figure 2b,Observational,Invaded vs Uninvaded,18,20.23,9.75807358,18,134.1,171.6996686
"Gooden et al., 2014. Plant Ecology, 215: 567-580",10.1007/s11258-014-0324-0,2014,PR02,OBS04,CHT02,CHT02,-36.0649405,148.7837142,Non-tropical,Australia,Australia,Forest,Stenotaphrum secundatum,Stenotaphrum secundatum,SP61,Fruit output,Fruit set,Pollination,Tetragonia tetragonioides,Tetragonia tetragonoides,Non-woody,Non-woody,Dissimilar,Zygomorphic,Actinomorphic,Dissimilar,Green/white_cream/yellow_orange,Yellow,Similar,NA,,Figure 1b,Observational,Invaded vs Uninvaded,15,71.79,99.96170017,15,259.13,238.9630725
"Gooden et al., 2014. Plant Ecology, 215: 567-580",10.1007/s11258-014-0324-0,2014,PR02,OBS05,CHT02,CHT02,-36.0649405,148.7837142,Non-tropical,Australia,Australia,Forest,Stenotaphrum secundatum,Stenotaphrum secundatum,SP61,Proportion of floral units developing into seed,Seed set,Pollination,Baumea juncea,Machaerina juncea,Non-woody,Non-woody,Dissimilar,Zygomorphic,Zygomorphic,Similar,Green/white_cream/yellow_orange,Reddish-brown,Dissimilar,NA,,Figure 2g,Observational,Invaded vs Uninvaded,18,0.17,0.254558441,18,0.27,0.212132034
"Gooden et al., 2014. Plant Ecology, 215: 567-580",10.1007/s11258-014-0324-0,2014,PR02,OBS06,CHT02,CHT02,-36.0649405,148.7837142,Non-tropical,Australia,Australia,Forest,Stenotaphrum secundatum,Stenotaphrum secundatum,SP61,Mean number of seeds fruit-1,Seed set,Pollination,Tetragonia tetragonioides,Tetragonia tetragonoides,Non-woody,Non-woody,Dissimilar,Zygomorphic,Actinomorphic,Dissimilar,Green/white_cream/yellow_orange,Yellow,Similar,NA,,Figure 1d,Observational,Invaded vs Uninvaded,15,5.57,0.735866836,15,5.44,0.89078617
"Molano-Flores, 2014. Natural Areas Journal, 34(4): 465-469",10.3375/043.034.0408,2014,PR03,OBS07,CHT03,CHT03,42.2568291,-90.3767048,Non-tropical,North America,USA,Grassland,Securigera varia,Coronilla varia,SP17,Fruit set (%),Fruit set,Pollination,Tradescantia ohiensis,Machaerina juncea,Non-woody,Non-woody,Similar,Zygomorphic,Zygomorphic,Similar,blue_purple pink white_cream,Reddish-brown,Dissimilar,NA,,Figure 1,Observational,Invaded vs Uninvaded,50,10.8,14.49568901,50,44.57,13.29360749
"Molano-Flores, 2014. Natural Areas Journal, 34(4): 465-469",10.3375/043.034.0408,2014,PR03,OBS08,CHT03,CHT03,42.2568291,-90.3767048,Non-tropical,North America,USA,Grassland,Securigera varia,Coronilla varia,SP17,seed set (%),Seed set,Pollination,Tradescantia ohiensis,Tetragonia tetragonoides,Non-woody,Non-woody,Similar,Zygomorphic,Actinomorphic,Dissimilar,blue_purple pink white_cream,Yellow,Dissimilar,NA,,Figure 1,Observational,Invaded vs Uninvaded,50,35.71,18.03122292,50,71.14,20.22325394
"Vanderplanck et al., 2019. Ecosphere, 10: e02804",10.1002/ecs2.2804,2019,PR04,OBS09,CHT04,CHT04,50.4457337,3.8872609,Non-tropical,Europe,Belgium,Riparain,Impatiens glandulifera,Impatiens glandulifera,SP26,Total number of recorded visitors ,Abundance,Pollinator,NA,NA,Non-woody,NA,,Zygomorphic,,,Purple,,Dissimilar,Insecta,Mixed,Table S2 (Recalculated),Observational,Invaded vs Uninvaded,5,29.8,14.02,5,30.6,6.77
"Bartomeus et al., 2010. Journal of Ecology, 98: 440-450",10.1111/j.1365-2745.2009.01629.x,2010,PR05,OBS10,CHT05,CHT05,52.5863032,7.7971439,Non-tropical,Europe,Germany,Cropland,Impatiens glandulifera,Impatiens glandulifera,SP26,Pollinator Richness,Richness,Pollinator,NA,NA,Non-woody,NA,,Zygomorphic,NA,,Purple,NA,,Insecta,Hymnoptera,Figure 2,Observational,Invaded vs Uninvaded,14,2.91,8.007146808,14,1.68,4.976404324
"Bartomeus et al., 2010. Journal of Ecology, 98: 440-450",10.1111/j.1365-2745.2009.01629.x,2010,PR05,OBS11,CHT05,CHT05,52.5863032,7.7971439,Non-tropical,Europe,Germany,Cropland,Impatiens glandulifera,Impatiens glandulifera,SP26,Number of bumble bee visits to natives,Number of visits,Pollination,NA,NA,Non-woody,NA,,Zygomorphic,NA,NA,Purple,NA,NA,Insecta,Hymnoptera,Figure 2,Observational,Invaded vs Uninvaded,14,2.07,2.170161284,14,2.16,2.768826466
"Bartomeus et al., 2010. Journal of Ecology, 98: 440-450",10.1111/j.1365-2745.2009.01629.x,2010,PR05,OBS12,CHT05,CHT05,52.5863032,7.7971439,Non-tropical,Europe,Germany,Cropland,Impatiens glandulifera,Impatiens glandulifera,SP26,Number of honey bee visits to natives,Number of visits,Pollination,NA,NA,Non-woody,NA,,Zygomorphic,NA,NA,Purple,NA,NA,Insecta,Hymnoptera,Figure 2,Observational,Invaded vs Uninvaded,14,2.21,3.928740256,14,0.78,1.459246381
"Bartomeus et al., 2010. Journal of Ecology, 98: 440-450",10.1111/j.1365-2745.2009.01629.x,2010,PR05,OBS13,CHT05,CHT05,52.5863032,7.7971439,Non-tropical,Europe,Germany,Cropland,Impatiens glandulifera,Impatiens glandulifera,SP26,Number of wild bee visits to natives,Number of visits,Pollination,NA,NA,Non-woody,NA,,Zygomorphic,NA,NA,Purple,NA,NA,Insecta,Hymnoptera,Figure 2,Observational,Invaded vs Uninvaded,14,0.14,0.336749165,14,0.07,0.261916017
"Bartomeus et al., 2010. Journal of Ecology, 98: 440-450",10.1111/j.1365-2745.2009.01629.x,2010,PR05,OBS14,CHT05,CHT05,52.5863032,7.7971439,Non-tropical,Europe,Germany,Cropland,Impatiens glandulifera,Impatiens glandulifera,SP26,Number of hoverfly visits to natives,Number of visits,Pollination,NA,NA,Non-woody,NA,,Zygomorphic,NA,NA,Purple,NA,NA,Insecta,Diptera,Figure 2,Observational,Invaded vs Uninvaded,14,0.95,1.496662955,14,1.31,2.955909336
"Bartomeus et al., 2010. Journal of Ecology, 98: 440-450",10.1111/j.1365-2745.2009.01629.x,2010,PR05,OBS15,CHT06,CHT06,52.5863032,7.7971439,Non-tropical,Europe,Germany,Cropland,Impatiens glandulifera,Impatiens glandulifera,SP26,Number of bumble bee visits to Raphanus sativus,Number of visits,Pollination,Raphanus sativus,Raphanus raphanistrum subsp. sativus,Non-woody,Non-woody,Similar,Zygomorphic,Zygomorphic,Similar,Purple,White/Pink/Pale violet,Dissimilar,Insecta,Hymnoptera,Figure 3,Experimental,Invaded vs Uninvaded,42,0.53,1.749799989,42,2.23,7.647274024
"Bartomeus et al., 2010. Journal of Ecology, 98: 440-450",10.1111/j.1365-2745.2009.01629.x,2010,PR05,OBS16,CHT06,CHT06,52.5863032,7.7971439,Non-tropical,Europe,Germany,Cropland,Impatiens glandulifera,Impatiens glandulifera,SP26,Number of honey bee visits to Raphanus sativus,Number of visits,Pollination,Raphanus sativus,Raphanus raphanistrum subsp. sativus,Non-woody,Non-woody,Similar,Zygomorphic,Zygomorphic,Similar,Purple,White/Pink/Pale violet,Dissimilar,Insecta,Hymnoptera,Figure 3,Experimental,Invaded vs Uninvaded,42,3.87,15.55377768,42,3.75,19.89587394
"Bartomeus et al., 2010. Journal of Ecology, 98: 440-450",10.1111/j.1365-2745.2009.01629.x,2010,PR05,OBS17,CHT06,CHT06,52.5863032,7.7971439,Non-tropical,Europe,Germany,Cropland,Impatiens glandulifera,Impatiens glandulifera,SP26,Number of wild bee visits to Raphanus sativus,Number of visits,Pollination,Raphanus sativus,Raphanus raphanistrum subsp. sativus,Non-woody,Non-woody,Similar,Zygomorphic,Zygomorphic,Similar,Purple,White/Pink/Pale violet,Dissimilar,Insecta,Hymnoptera,Figure 3,Experimental,Invaded vs Uninvaded,42,0.25,2.268259244,42,0.42,1.101725919
"Bartomeus et al., 2010. Journal of Ecology, 98: 440-450",10.1111/j.1365-2745.2009.01629.x,2010,PR05,OBS18,CHT06,CHT06,52.5863032,7.7971439,Non-tropical,Europe,Germany,Cropland,Impatiens glandulifera,Impatiens glandulifera,SP26,Number of hoverfly visits to Raphanus sativus,Number of visits,Pollination,Raphanus sativus,Raphanus raphanistrum subsp. sativus,Non-woody,Non-woody,Similar,Zygomorphic,Zygomorphic,Similar,Purple,White/Pink/Pale violet,Dissimilar,Insecta,Diptera,Figure 3,Experimental,Invaded vs Uninvaded,42,11.39,19.4422221,42,12.18,14.38724435
"Bartomeus et al., 2010. Journal of Ecology, 98: 440-450",10.1111/j.1365-2745.2009.01629.x,2010,PR05,OBS19,CHT06,CHT06,52.5863032,7.7971439,Non-tropical,Europe,Germany,Cropland,Impatiens glandulifera,Impatiens glandulifera,SP26,Fruit set,Fruit set,Pollination,Raphanus sativus,Raphanus raphanistrum subsp. sativus,Non-woody,Non-woody,Similar,Zygomorphic,Zygomorphic,Similar,Purple,White/Pink/Pale violet,Dissimilar,Insecta,Hymnoptera,Figure 3,Experimental,Invaded vs Uninvaded,30,37.85,24.64751509,30,41.03,20.26573463
"Vanpary et al., 2011. Plant Ecology and Evolution 144 (1): 3-11",10.5091/plecevo.2011.434,2011,PR06,OBS20,CHT07,CHT07,50.666618,4.6014577,Non-tropical,Europe,Belgium,Grassland,Senecio inaequidens,Senecio inaequidens,SP54,Insect visitation rate to native J. vulgaris,Visitation rate,Pollination,Jacobaea vulgaris,Senecio vulgaris,Non-woody,Non-woody,Similar,Actinomorphic,Actinomorphic,Similar,Yellow,Yellow,Similar,Insecta,Mixed,Figure 2a,Observational,Invaded vs Uninvaded,2,0.007,0.001414214,2,0.006,0.001414214
"Vanpary et al., 2011. Plant Ecology and Evolution 144 (1): 3-11",10.5091/plecevo.2011.434,2011,PR06,OBS21,CHT08,CHT08,50.68555556,4.604,Non-tropical,Europe,Belgium,Grassland,Senecio inaequidens,Senecio inaequidens,SP54,Seed set of J. vulgaris,Seed set,Pollination,Jacobaea vulgaris,Senecio vulgaris,Non-woody,Non-woody,Similar,Actinomorphic,Actinomorphic,Similar,Yellow,Yellow,Similar,Insecta,Mixed,Figure 2b,Experimental,Invaded vs Uninvaded,15,0.7,0.154919334,15,0.62,0.193649167
"Vanpary et al., 2011. Plant Ecology and Evolution 144 (1): 3-11",10.5091/plecevo.2011.434,2011,PR06,OBS22,CHT09,CHT09,50.67059722,4.63541944,Non-tropical,Europe,Belgium,Grassland,Senecio inaequidens,Senecio inaequidens,SP54,Seed set of J. vulgaris,Seed set,Pollination,Jacobaea vulgaris,Senecio vulgaris,Non-woody,Non-woody,Similar,Actinomorphic,Actinomorphic,Similar,Yellow,Yellow,Similar,Insecta,Mixed,Figure 2b,Experimental,Invaded vs Uninvaded,15,0.39,0.232379001,15,0.65,0.309838668
"Brown et al., 2002. Ecology, 83: 2328-2336",10.1890/0012-9658(2002)083[2328:CFPBAI]2.0.CO;2,2002,PR07,OBS23,CHT10,CHT10,41.1438917,-81.3390815,Non-tropical,North America,USA,Wetland,Lythrum salicaria,Lythrum salicaria,SP33,Seed set of Lythrum alatum,Seed set,Pollination,Lythrum alatum,Lythrum alatum,Non-woody,Non-woody,Similar,Actinomorphic,Actinomorphic,Similar,Purple,Pink/Purple,Similar,Insecta,Mixed,Figure 2,Experimental,Invaded vs Uninvaded,16,51.48,14.8,16,82.9,14.76
"Brown et al., 2002. Ecology, 83: 2328-2336",10.1890/0012-9658(2002)083[2328:CFPBAI]2.0.CO;2,2002,PR07,OBS24,CHT10,CHT10,41.1438917,-81.3390815,Non-tropical,North America,USA,Wetland,Lythrum salicaria,Lythrum salicaria,SP33,Visitation rate of Lythrum alatum/plant,Visitation rate,Pollination,Lythrum alatum,Lythrum alatum,Non-woody,Non-woody,Similar,Actinomorphic,Actinomorphic,Similar,Purple,Pink/Purple,Similar,Insecta,Mixed,Figure 3,Experimental,Invaded vs Uninvaded,144,25.34,36.96,144,33.66,44.04
"Brown et al., 2002. Ecology, 83: 2328-2336",10.1890/0012-9658(2002)083[2328:CFPBAI]2.0.CO;2,2002,PR07,OBS25,CHT10,CHT10,41.1438917,-81.3390815,Non-tropical,North America,USA,Wetland,Lythrum salicaria,Lythrum salicaria,SP33,Visitation rate of Lythrum alatum/flower,Visitation rate,Pollination,Lythrum alatum,Lythrum alatum,Non-woody,Non-woody,Similar,Actinomorphic,Actinomorphic,Similar,Purple,Pink/Purple,Similar,Insecta,Mixed,Figure 3,Experimental,Invaded vs Uninvaded,144,0.98,0.72,144,1.18,0.48
"Jakobsson et al., 2009. Ecoscience, 16(1): 138-141",10.2980/16-1-3193,2009,PR08,OBS26,CHT11,CHT11,39.6395174,2.642021,Non-tropical,Europe,Spain,Wasteland/Old-field,Oxalis pes-caprae,Oxalis pes-caprae,SP40,Number of pollinator visits to D. erucoides,Number of visits,Pollination,Diplotaxis erucoides,Diplotaxis erucoides,Non-woody,Non-woody,Similar,Actinomorphic,Actinomorphic,Similar,Yellow,White,Dissimilar,Insecta,Mixed,Figure 1,Observational,Invaded vs Uninvaded,24,14.03,4.736513329,24,13.94,4.611539363
"Hochkirch et al., 2012. Naturwissenschaften, 99: 217-224",10.1007/s00114-012-0888-2,2012,PR09,OBS27,CHT12,CHT12,49.75583333,6.665,Non-tropical,Europe,Germany,Forest,Bunias orientalis,Bunias orientalis,SP07,Number of visits to Sinapis arvensis,Number of visits,Pollination,Sinapis arvensis,Mutarda arvensis,Non-woody,Non-woody,Similar,Actinomorphic,Actinomorphic,Similar,Yellow,Yellow,Similar,Insecta,Coleoptera,Figure 2b,Experimental,Invaded vs Uninvaded,15,6.68,5.344717018,15,1.91,1.12316517
"Hochkirch et al., 2012. Naturwissenschaften, 99: 217-224",10.1007/s00114-012-0888-2,2012,PR09,OBS28,CHT12,CHT12,49.75583333,6.665,Non-tropical,Europe,Germany,Forest,Bunias orientalis,Bunias orientalis,SP07,Number of visits to Sinapis arvensis,Number of visits,Pollination,Sinapis arvensis,Mutarda arvensis,Non-woody,Non-woody,Similar,Actinomorphic,Actinomorphic,Similar,Yellow,Yellow,Similar,Insecta,Diptera,Figure 2c,Experimental,Invaded vs Uninvaded,15,10.36,8.05580536,15,8.27,7.552317525
"Hochkirch et al., 2012. Naturwissenschaften, 99: 217-224",10.1007/s00114-012-0888-2,2012,PR09,OBS29,CHT12,CHT12,49.75583333,6.665,Non-tropical,Europe,Germany,Forest,Bunias orientalis,Bunias orientalis,SP07,Number of visits to Sinapis arvensis,Number of visits,Pollination,Sinapis arvensis,Mutarda arvensis,Non-woody,Non-woody,Similar,Actinomorphic,Actinomorphic,Similar,Yellow,Yellow,Similar,Insecta,Hymnoptera,Figure 2d,Experimental,Invaded vs Uninvaded,15,1.6,3.950443013,15,1.22,3.330765678
"Hochkirch et al., 2012. Naturwissenschaften, 99: 217-224",10.1007/s00114-012-0888-2,2012,PR09,OBS30,CHT13,CHT13,49.75583333,6.665,Non-tropical,Europe,Germany,Forest,Bunias orientalis,Bunias orientalis,SP07,Number of visits to Sinapis arvensis,Number of visits,Pollination,Sinapis arvensis,Mutarda arvensis,Non-woody,Non-woody,Similar,Actinomorphic,Actinomorphic,Similar,Yellow,Yellow,Similar,Insecta,Mixed,Figure 3,Experimental,Invaded vs Uninvaded,15,5.21,2.827277843,15,3.32,1.936491673
"Corcos et al., 2020. Diversity and Distributions, 26: 1397-1408",10.1111/ddi.13132,2020,PR10,OBS31,CHT14,CHT14,46.056389,11.524278,Non-tropical,Europe,Italy,Riparain,Buddleja davidii,Buddleja davidii,SP06,Flower visitor richness,Richness,Pollinator,NA,NA,Woody,NA,,,NA,,,NA,,Insecta,Mixed,Table S4 ,Observational,Invaded vs Uninvaded,9,64.33,19.03,9,63,23.47
"Corcos et al., 2020. Diversity and Distributions, 26: 1397-1408",10.1111/ddi.13132,2020,PR10,OBS32,CHT14,CHT14,46.056389,11.524278,Non-tropical,Europe,Italy,Riparain,Buddleja davidii,Buddleja davidii,SP06,Honey bee abundance,Abundance,Pollinator,NA,NA,Woody,NA,,,NA,,,NA,,Insecta,Hymnoptera,Table S4,Observational,Invaded vs Uninvaded,9,327,271.03,9,132.78,119.63
"Corcos et al., 2020. Diversity and Distributions, 26: 1397-1408",10.1111/ddi.13132,2020,PR10,OBS33,CHT14,CHT14,46.056389,11.524278,Non-tropical,Europe,Italy,Riparain,Buddleja davidii,Buddleja davidii,SP06,Flower visitor abundance,Abundance,Pollinator,NA,NA,Woody,NA,,,NA,,,NA,,Insecta,Mixed,Table S4,Observational,Invaded vs Uninvaded,9,630.22,373.12,9,432.33,188.08
"Bartomeus et al., 2008. Oecologia, 155: 761-770",10.1007/s00442-007-0946-1,2008,PR11,OBS34,CHT15,CHT15,42.302194,3.2822906,Non-tropical,Europe,Spain,Shrubland,Carpobrotus affine acinaciformis,Carpobrotus affine acinaciformis,SP10,Total number of insect visits to natives,Number of visits,Pollination,Multiple,Multiple,Non-woody,NA,,Actinomorphic,NA,NA,Yellow/Purple,NA,NA,Insecta,Coleoptera,Figure 1a,Observational,Invaded vs Uninvaded,3,40.31,8.452407941,3,26.62,2.286307066
"Bartomeus et al., 2008. Oecologia, 155: 761-770",10.1007/s00442-007-0946-1,2008,PR11,OBS35,CHT15,CHT15,42.302194,3.2822906,Non-tropical,Europe,Spain,Shrubland,Carpobrotus affine acinaciformis,Carpobrotus affine acinaciformis,SP10,Total number of insect visits to natives,Number of visits,Pollination,Multiple,Multiple,Non-woody,NA,,Actinomorphic,NA,NA,Yellow/Purple,NA,NA,Insecta,Diptera,Figure 1a,Observational,Invaded vs Uninvaded,3,7.12,3.256255518,3,6,1.939896904
"Bartomeus et al., 2008. Oecologia, 155: 761-770",10.1007/s00442-007-0946-1,2008,PR11,OBS36,CHT15,CHT15,42.302194,3.2822906,Non-tropical,Europe,Spain,Shrubland,Carpobrotus affine acinaciformis,Carpobrotus affine acinaciformis,SP10,Total number of insect visits to natives,Number of visits,Pollination,Multiple,Multiple,Non-woody,NA,,Actinomorphic,NA,NA,Yellow/Purple,NA,NA,Insecta,Hymnoptera,Figure 1a,Observational,Invaded vs Uninvaded,3,44.44,12.0031121,3,51,2.268986558
"Bartomeus et al., 2008. Oecologia, 155: 761-770",10.1007/s00442-007-0946-1,2008,PR11,OBS37,CHT15,CHT15,42.302194,3.2822906,Non-tropical,Europe,Spain,Shrubland,Carpobrotus affine acinaciformis,Carpobrotus affine acinaciformis,SP10,Total number of insect visits to natives,Number of visits,Pollination,Multiple,Multiple,Non-woody,NA,,Actinomorphic,NA,NA,Yellow/Purple,NA,NA,Insecta,Lepidoptera,Figure 1a,Observational,Invaded vs Uninvaded,3,2.44,0.969948452,3,1.5,0.138564065
"Bartomeus et al., 2008. Oecologia, 155: 761-770",10.1007/s00442-007-0946-1,2008,PR11,OBS38,CHT16,CHT16,42.302194,3.2822906,Non-tropical,Europe,Spain,Shrubland,Opuntia stricta,Opuntia stricta,SP38,Total number of insect visits to natives,Number of visits,Pollination,Multiple,Multiple,Woody,NA,,Actinomorphic,NA,NA,Yellow,NA,NA,Insecta,Coleoptera,Figure 1b,Observational,Invaded vs Uninvaded,3,20.19,5.559883092,3,35.09,7.188010851
"Bartomeus et al., 2008. Oecologia, 155: 761-770",10.1007/s00442-007-0946-1,2008,PR11,OBS39,CHT16,CHT16,42.302194,3.2822906,Non-tropical,Europe,Spain,Shrubland,Opuntia stricta,Opuntia stricta,SP38,Total number of insect visits to natives,Number of visits,Pollination,Multiple,Multiple,Woody,NA,,Actinomorphic,NA,NA,Yellow,NA,NA,Insecta,Hymnoptera,Figure 1b,Observational,Invaded vs Uninvaded,3,8.69,13.05966309,3,32.45,3.931755333
"Bartomeus et al., 2008. Oecologia, 155: 761-770",10.1007/s00442-007-0946-1,2008,PR11,OBS40,CHT17,CHT17,42.302194,3.2822906,Non-tropical,Europe,Spain,Shrubland,Carpobrotus affine acinaciformis,Carpobrotus affine acinaciformis,SP10,Pollinator Richness,Richness,Pollinator,NA,NA,Non-woody,NA,,,NA,,Yellow/Purple,NA,,Insecta,Mixed,Main text,Observational,Invaded vs Uninvaded,3,29.33,6.425908496,3,20.33,2.095781477
"Bartomeus et al., 2008. Oecologia, 155: 761-770",10.1007/s00442-007-0946-1,2008,PR11,OBS41,CHT18,CHT18,42.302194,3.2822906,Non-tropical,Europe,Spain,Shrubland,Opuntia stricta,Opuntia stricta,SP38,Pollinator Richness,Richness,Pollinator,NA,NA,Woody,NA,,,NA,,Yellow,NA,,Insecta,Mixed,Main text,Observational,Invaded vs Uninvaded,3,23.67,2.078460969,3,21,3.464101615
"Sun et al., 2013. Biological Invasions, 15: 2165-2177",10.1007/s10530-013-0440-0,2013,PR12,OBS42,CHT19,CHT19,31.549608,121.948742,Non-tropical,Asia,China,Cropland,Solidago canadensis,Solidago canadensis,SP57,Visitation rate by honey bee on Ixeris chinesis ,Visitation rate,Pollination,Ixeris chinensis,Ixeris chinensis,Non-woody,Non-woody,Similar,Actinomorphic,Actinomorphic,Similar,Yellow,Yellow,Similar,Insecta,Hymnoptera,Figure 1a,Experimental,Invaded vs Uninvaded,40,0.2,0.316227766,40,0.27,0.632455532
"Sun et al., 2013. Biological Invasions, 15: 2165-2177",10.1007/s10530-013-0440-0,2013,PR12,OBS43,CHT19,CHT19,31.549608,121.948742,Non-tropical,Asia,China,Cropland,Solidago canadensis,Solidago canadensis,SP57,Successive visits within individual ramets of  Ixeris chinesis ,Number of visits,Pollination,Ixeris chinensis,Ixeris chinensis,Non-woody,Non-woody,Similar,Actinomorphic,Actinomorphic,Similar,Yellow,Yellow,Similar,Insecta,Hymnoptera,Figure 1b,Experimental,Invaded vs Uninvaded,40,5.98,1.454647724,40,12.53,2.150348809
"Sun et al., 2013. Biological Invasions, 15: 2165-2177",10.1007/s10530-013-0440-0,2013,PR12,OBS44,CHT19,CHT19,31.549608,121.948742,Non-tropical,Asia,China,Cropland,Solidago canadensis,Solidago canadensis,SP57,seed set of  Ixeris chinesis ,Seed set,Pollination,Ixeris chinensis,Ixeris chinensis,Non-woody,Non-woody,Similar,Actinomorphic,Actinomorphic,Similar,Yellow,Yellow,Similar,Insecta,Hymnoptera,Figure 1c,Experimental,Invaded vs Uninvaded,20,28.7,18.64880693,20,52.43,28.04029244
"Sun et al., 2013. Biological Invasions, 15: 2165-2177",10.1007/s10530-013-0440-0,2013,PR12,OBS45,CHT20,CHT20,31.549608,121.948742,Non-tropical,Asia,China,Cropland,Solidago canadensis,Solidago canadensis,SP57,Visitation rate by honey bee on Sonchus arvensis,Visitation rate,Pollination,Sonchus arvensis,Sonchus arvensis,Non-woody,Non-woody,Similar,Actinomorphic,Actinomorphic,Similar,Yellow,Yellow,Similar,Insecta,Hymnoptera,Figure 1e,Experimental,Invaded vs Uninvaded,40,0.29,0.044271887,40,0.22,0.037947332
"Sun et al., 2013. Biological Invasions, 15: 2165-2177",10.1007/s10530-013-0440-0,2013,PR12,OBS46,CHT20,CHT20,31.549608,121.948742,Non-tropical,Asia,China,Cropland,Solidago canadensis,Solidago canadensis,SP57,Successive visits within individual ramets of Sonchus arvensis,Number of visits,Pollination,Sonchus arvensis,Sonchus arvensis,Non-woody,Non-woody,Similar,Actinomorphic,Actinomorphic,Similar,Yellow,Yellow,Similar,Insecta,Hymnoptera,Figure 1f,Experimental,Invaded vs Uninvaded,40,8.02,2.087103256,40,11.18,2.150348809
"Sun et al., 2013. Biological Invasions, 15: 2165-2177",10.1007/s10530-013-0440-0,2013,PR12,OBS47,CHT20,CHT20,31.549608,121.948742,Non-tropical,Asia,China,Cropland,Solidago canadensis,Solidago canadensis,SP57,seed set of Sonchus arvensis,Seed set,Pollination,Sonchus arvensis,Sonchus arvensis,Non-woody,Non-woody,Similar,Actinomorphic,Actinomorphic,Similar,Yellow,Yellow,Similar,Insecta,Hymnoptera,Figure 1g,Experimental,Invaded vs Uninvaded,20,57.15,27.77196428,20,46.55,25.44645358
"Ulyshen et al., 2022. Frontiers in Ecology and Evolution, 10: 832268",10.3389/fevo.2022.832268,2022,PR13,OBS48,CHT21,CHT21,33.0170707,-84.2610732,Non-tropical,North America,USA,Forest,Ligustrum sinense,Ligustrum sinense,SP28,Bee species richness,Richness,Pollinator,NA,NA,Woody,NA,,,NA,,,NA,,Insecta,Hymnoptera,Figure 5,Observational,Invaded vs Uninvaded,3,5.64,4.191562954,3,22.58,4.884383277
"Ulyshen et al., 2022. Frontiers in Ecology and Evolution, 10: 832268",10.3389/fevo.2022.832268,2022,PR13,OBS49,CHT21,CHT21,33.0170707,-84.2610732,Non-tropical,North America,USA,Forest,Ligustrum sinense,Ligustrum sinense,SP28,Bee species diversity,Diversity,Pollinator,NA,NA,Woody,NA,,,NA,,,NA,,Insecta,Lepidoptera,Figure 5,Observational,Invaded vs Uninvaded,3,0.85,0.762102355,3,2.24,0.294448637
"Ulyshen et al., 2022. Frontiers in Ecology and Evolution, 10: 832268",10.3389/fevo.2022.832268,2022,PR13,OBS50,CHT21,CHT21,33.0170707,-84.2610732,Non-tropical,North America,USA,Forest,Ligustrum sinense,Ligustrum sinense,SP28,Bee species abundance,Abundance,Pollinator,NA,NA,Woody,NA,,,NA,,,NA,,Insecta,Lepidoptera,Figure 5,Observational,Invaded vs Uninvaded,3,22.64,19.60681514,3,158.49,9.803407571
"Ulyshen et al., 2022. Frontiers in Ecology and Evolution, 10: 832268",10.3389/fevo.2022.832268,2022,PR13,OBS51,CHT21,CHT21,33.0170707,-84.2610732,Non-tropical,North America,USA,Forest,Ligustrum sinense,Ligustrum sinense,SP28,Butterfly species richness,Richness,Pollinator,NA,NA,Woody,NA,,,NA,,,NA,,Insecta,Lepidoptera,Figure 5,Observational,Invaded vs Uninvaded,3,2.26,0.502294734,3,11.32,1.212435565
"Ulyshen et al., 2022. Frontiers in Ecology and Evolution, 10: 832268",10.3389/fevo.2022.832268,2022,PR13,OBS52,CHT21,CHT21,33.0170707,-84.2610732,Non-tropical,North America,USA,Forest,Ligustrum sinense,Ligustrum sinense,SP28,Butterfly species diversity,Diversity,Pollinator,NA,NA,Woody,NA,,,NA,,,NA,,Insecta,Lepidoptera,Figure 5,Observational,Invaded vs Uninvaded,3,0.44,0.225166605,3,1.61,0.311769145
"Ulyshen et al., 2022. Frontiers in Ecology and Evolution, 10: 832268",10.3389/fevo.2022.832268,2022,PR13,OBS53,CHT21,CHT21,33.0170707,-84.2610732,Non-tropical,North America,USA,Forest,Ligustrum sinense,Ligustrum sinense,SP28,Butterfly species abundance,Abundance,Pollinator,NA,NA,Woody,NA,,,NA,,,NA,,Insecta,Lepidoptera,Figure 5,Observational,Invaded vs Uninvaded,3,18.51,6.425908496,3,85.18,22.44737847
"Jakobsson & Padrón, 2014.  Oecologia, 174: 217-226",10.1007/s00442-013-2756-y,2014,PR14,OBS54,CHT22,CHT22,58.36666667,11.5,Non-tropical,Europe,Sweden,Cropland,Lupinus polyphyllus,Lupinus polyphyllus,SP32,Number of bumblebees ,Abundance,Pollinator,NA,NA,Non-woody,NA,,Zygomorphic,NA,,Blue/Pink/White,NA,,Insecta,Hymnoptera,Figure 1a,Observational,Invaded vs Uninvaded,4,3.86,1.193877551,4,1.67,0.765306122
"Jakobsson & Padrón, 2014.  Oecologia, 174: 217-226",10.1007/s00442-013-2756-y,2014,PR14,OBS55,CHT22,CHT22,58.36666667,11.5,Non-tropical,Europe,Sweden,Cropland,Lupinus polyphyllus,Lupinus polyphyllus,SP32,Number of solitory bees,Abundance,Pollinator,NA,NA,Non-woody,NA,,Zygomorphic,NA,,Blue/Pink/White,NA,,Insecta,Hymnoptera,Figure 1b,Observational,Invaded vs Uninvaded,4,0.76,0.612244898,4,0.24,0.362244898
"Jakobsson & Padrón, 2014.  Oecologia, 174: 217-226",10.1007/s00442-013-2756-y,2014,PR14,OBS56,CHT23,CHT23,58.36666667,11.5,Non-tropical,Europe,Sweden,Cropland,Lupinus polyphyllus,Lupinus polyphyllus,SP32,Bumblebee visit rate per plant,Visitation rate,Pollination,Lotus corniculatus,Lotus corniculatus,Non-woody,Non-woody,Similar,Zygomorphic,Zygomorphic,Similar,Blue/Pink/White,Yellow,Dissimilar,Insecta,Hymnoptera,Figure 2b,Experimental,Invaded vs Uninvaded,4,0.05,0.178571429,4,0.05,0.178571429
"Jakobsson & Padrón, 2014.  Oecologia, 174: 217-226",10.1007/s00442-013-2756-y,2014,PR14,OBS57,CHT23,CHT23,58.36666667,11.5,Non-tropical,Europe,Sweden,Cropland,Lupinus polyphyllus,Lupinus polyphyllus,SP32,Bumblebee visit rate per flower,Visitation rate,Pollination,Lotus corniculatus,Lotus corniculatus,Non-woody,Non-woody,Similar,Zygomorphic,Zygomorphic,Similar,Blue/Pink/White,Yellow,Dissimilar,Insecta,Hymnoptera,Figure 2e,Experimental,Invaded vs Uninvaded,4,0.00098,0.017857143,4,0.0029,0.024489796
"Jakobsson & Padrón, 2014.  Oecologia, 174: 217-226",10.1007/s00442-013-2756-y,2014,PR14,OBS58,CHT23,CHT23,58.36666667,11.5,Non-tropical,Europe,Sweden,Cropland,Lupinus polyphyllus,Lupinus polyphyllus,SP32,Solitory bee visit rate per plant,Visitation rate,Pollination,Lotus corniculatus,Lotus corniculatus,Non-woody,Non-woody,Similar,Zygomorphic,Zygomorphic,Similar,Blue/Pink/White,Yellow,Dissimilar,Insecta,Hymnoptera,Figure 2c,Experimental,Invaded vs Uninvaded,4,0.65,0.219387755,4,0.065,0.219387755
"Jakobsson & Padrón, 2014.  Oecologia, 174: 217-226",10.1007/s00442-013-2756-y,2014,PR14,OBS59,CHT23,CHT23,58.36666667,11.5,Non-tropical,Europe,Sweden,Cropland,Lupinus polyphyllus,Lupinus polyphyllus,SP32,Solitory bee visit rate per flower,Visitation rate,Pollination,Lotus corniculatus,Lotus corniculatus,Non-woody,Non-woody,Similar,Zygomorphic,Zygomorphic,Similar,Blue/Pink/White,Yellow,Dissimilar,Insecta,Hymnoptera,Figure 2f,Experimental,Invaded vs Uninvaded,4,0.029,0.037193878,4,0,0.013112245
"Jakobsson & Padrón, 2014.  Oecologia, 174: 217-226",10.1007/s00442-013-2756-y,2014,PR14,OBS60,CHT23,CHT23,58.36666667,11.5,Non-tropical,Europe,Sweden,Cropland,Lupinus polyphyllus,Lupinus polyphyllus,SP32,Fruit set,Fruit set,Pollination,Lotus corniculatus,Lotus corniculatus,Non-woody,Non-woody,Similar,Zygomorphic,Zygomorphic,Similar,Blue/Pink/White,Yellow,Dissimilar,Insecta,Hymnoptera,Figure 3a,Experimental,Invaded vs Uninvaded,4,0.4,0.183673469,4,0.44,0.132653061
"Jakobsson & Padrón, 2014.  Oecologia, 174: 217-226",10.1007/s00442-013-2756-y,2014,PR14,OBS61,CHT23,CHT23,58.36666667,11.5,Non-tropical,Europe,Sweden,Cropland,Lupinus polyphyllus,Lupinus polyphyllus,SP32,Seeds per fruit,Seed set,Pollination,Lotus corniculatus,Lotus corniculatus,Non-woody,Non-woody,Similar,Zygomorphic,Zygomorphic,Similar,Blue/Pink/White,Yellow,Dissimilar,Insecta,Hymnoptera,Figure 3b,Experimental,Invaded vs Uninvaded,4,5.6,1.270408163,4,6.85,1.382653061
"Jakobsson & Padrón, 2014.  Oecologia, 174: 217-226",10.1007/s00442-013-2756-y,2014,PR14,OBS62,CHT23,CHT23,58.36666667,11.5,Non-tropical,Europe,Sweden,Cropland,Lupinus polyphyllus,Lupinus polyphyllus,SP32,Seeds per flower,Seed set,Pollination,Lotus corniculatus,Lotus corniculatus,Non-woody,Non-woody,Similar,Zygomorphic,Zygomorphic,Similar,Blue/Pink/White,Yellow,Dissimilar,Insecta,Hymnoptera,Figure 3c,Experimental,Invaded vs Uninvaded,4,2.44,1.474489796,4,3.29,1.704081633
"Moragues & Traveset, 2005. Biological Conservation, 122: 611-619",10.1016/j.biocon.2004.09.015,2015,PR15,OBS63,CHT24,CHT24,39.6130302,2.5813235,Non-tropical,Europe,Spain,Dune,Carpobrotu spp (Carpobrotus acinaciformis and Carpobrotus edulis,Carpobrotus acinaciformis and Carpobrotus edulis,SP11,Insect visitation rate to native Anthyllis cytisoides,Visitation rate,Pollination,Anthyllis cytisoides,Anthyllis cytisoides,Woody,Woody,Dissimilar,Actinomorphic,Zygomorphic,Dissimilar,Yellow/White,Yellow,Similar,Insecta,Mixed,Figure 2,Observational,Invaded vs Uninvaded,30,6,7.777660317,30,1.64,5.093819785
"Moragues & Traveset, 2005. Biological Conservation, 122: 611-619",10.1016/j.biocon.2004.09.015,2015,PR15,OBS64,CHT24,CHT24,39.6130302,2.5813235,Non-tropical,Europe,Spain,Dune,Carpobrotu spp (Carpobrotus acinaciformis and Carpobrotus edulis,Carpobrotus acinaciformis and Carpobrotus edulis,SP11,Flower visitation rate to native Anthyllis cytisoides,Visitation rate,Pollination,Anthyllis cytisoides,Anthyllis cytisoides,Woody,Woody,Dissimilar,Actinomorphic,Zygomorphic,Dissimilar,Yellow/White,Yellow,Similar,Insecta,Mixed,Figure 2,Observational,Invaded vs Uninvaded,30,44.07,58.16813561,30,13.8,49.45934694
"Moragues & Traveset, 2005. Biological Conservation, 122: 611-619",10.1016/j.biocon.2004.09.015,2015,PR15,OBS65,CHT25,CHT25,39.6130302,2.5813235,Non-tropical,Europe,Spain,Dune,Carpobrotu spp (Carpobrotus acinaciformis and Carpobrotus edulis,Carpobrotus acinaciformis and Carpobrotus edulis,SP11,Insect visitation rate to native Cistus monspeliensis,Visitation rate,Pollination,Cistus monspeliensis,Cistus monspeliensis,Woody,Woody,Dissimilar,Actinomorphic,Actinomorphic,Similar,Yellow/White,White,Similar,Insecta,Mixed,Figure 2,Observational,Invaded vs Uninvaded,30,22.1,14.45987552,30,15.26,13.63829168
"Moragues & Traveset, 2005. Biological Conservation, 122: 611-619",10.1016/j.biocon.2004.09.015,2015,PR15,OBS66,CHT25,CHT25,39.6130302,2.5813235,Non-tropical,Europe,Spain,Dune,Carpobrotu spp (Carpobrotus acinaciformis and Carpobrotus edulis,Carpobrotus acinaciformis and Carpobrotus edulis,SP11,Flower visitation rate to native Cistus monspeliensis,Visitation rate,Pollination,Cistus monspeliensis,Cistus monspeliensis,Woody,Woody,Dissimilar,Actinomorphic,Actinomorphic,Similar,Yellow/White,White,Similar,Insecta,Mixed,Figure 2,Observational,Invaded vs Uninvaded,30,11.26,7.887204828,30,8.49,6.079720388
"Moragues & Traveset, 2005. Biological Conservation, 122: 611-619",10.1016/j.biocon.2004.09.015,2015,PR15,OBS67,CHT26,CHT26,39.6130302,2.5813235,Non-tropical,Europe,Spain,Dune,Carpobrotu spp (Carpobrotus acinaciformis and Carpobrotus edulis,Carpobrotus acinaciformis and Carpobrotus edulis,SP11,Insect visitation rate to native Cistus salviifolius,Visitation rate,Pollination,Cistus salviifolius,Cistus salviifolius,Woody,Woody,Dissimilar,Actinomorphic,Actinomorphic,Similar,Yellow/White,White,Similar,Insecta,Mixed,Figure 2,Observational,Invaded vs Uninvaded,30,14.91,23.44252546,30,3.84,7.777660317
"Moragues & Traveset, 2005. Biological Conservation, 122: 611-619",10.1016/j.biocon.2004.09.015,2015,PR15,OBS68,CHT26,CHT26,39.6130302,2.5813235,Non-tropical,Europe,Spain,Dune,Carpobrotu spp (Carpobrotus acinaciformis and Carpobrotus edulis,Carpobrotus acinaciformis and Carpobrotus edulis,SP11,Flower visitation rate to native Cistus salviifolius,Visitation rate,Pollination,Cistus salviifolius,Cistus salviifolius,Woody,Woody,Dissimilar,Actinomorphic,Actinomorphic,Similar,Yellow/White,White,Similar,Insecta,Mixed,Figure 2,Observational,Invaded vs Uninvaded,30,64.03,127.3454946,30,8.78,21.52549651
"Moragues & Traveset, 2005. Biological Conservation, 122: 611-619",10.1016/j.biocon.2004.09.015,2015,PR15,OBS69,CHT27,CHT27,39.6130302,2.5813235,Non-tropical,Europe,Spain,Dune,Carpobrotu spp (Carpobrotus acinaciformis and Carpobrotus edulis,Carpobrotus acinaciformis and Carpobrotus edulis,SP11,Insect visitation rate to native Lotus cytisoides,Visitation rate,Pollination,Lotus cytisoides,Lotus cytisoides,Woody,Non-woody,Dissimilar,Actinomorphic,Zygomorphic,Dissimilar,Yellow/White,Yellow,Similar,Insecta,Mixed,Figure 2,Observational,Invaded vs Uninvaded,30,2.34,4.600869483,30,5.31,7.941977084
"Moragues & Traveset, 2005. Biological Conservation, 122: 611-619",10.1016/j.biocon.2004.09.015,2015,PR15,OBS70,CHT27,CHT27,39.6130302,2.5813235,Non-tropical,Europe,Spain,Dune,Carpobrotu spp (Carpobrotus acinaciformis and Carpobrotus edulis,Carpobrotus acinaciformis and Carpobrotus edulis,SP11,Flower visitation rate to native Lotus cytisoides,Visitation rate,Pollination,Lotus cytisoides,Lotus cytisoides,Woody,Non-woody,Dissimilar,Actinomorphic,Zygomorphic,Dissimilar,Yellow/White,Yellow,Similar,Insecta,Mixed,Figure 2,Observational,Invaded vs Uninvaded,30,17.65,47.48754574,30,47.08,74.65458459
"Simla et al., 2022. Plants, 11: 1976",10.3390/plants11151976,2022,PR16,OBS71,CHT28,CHT28,14.975,102.1,Tropical,Asia,Thailand,Cropland,Praxelis clematidea,Praxelis clematidea,SP44,Pollinator diversity,Diversity,Pollinator,NA,NA,Non-woody,NA,,,NA,,,NA,,Insecta and other Orthopods,Mixed,Table 1,Observational,Invaded vs Uninvaded,9,3.28,0.31,9,3.28,0.33
"Simla et al., 2022. Plants, 11: 1976",10.3390/plants11151976,2022,PR16,OBS72,CHT28,CHT28,14.975,102.1,Tropical,Asia,Thailand,Cropland,Praxelis clematidea,Praxelis clematidea,SP44,Pollinator abundance,Abundance,Pollinator,NA,NA,Non-woody,NA,,,NA,,,NA,,Insecta and other Orthopods,Mixed,Table 1,Observational,Invaded vs Uninvaded,9,514.67,282.86,9,590,399.6
"Simla et al., 2022. Plants, 11: 1976",10.3390/plants11151976,2022,PR16,OBS73,CHT28,CHT28,14.975,102.1,Tropical,Asia,Thailand,Cropland,Praxelis clematidea,Praxelis clematidea,SP44,Pollinatior richness (Hymenoptera),Richness,Pollinator,NA,NA,Non-woody,NA,,,NA,,,NA,,Insecta,Hymnoptera,Raw data (Available at figshare),Observational,Invaded vs Uninvaded,9,13.78,6,9,14.11,4.86
"Simla et al., 2022. Plants, 11: 1976",10.3390/plants11151976,2022,PR16,OBS74,CHT28,CHT28,14.975,102.1,Tropical,Asia,Thailand,Cropland,Praxelis clematidea,Praxelis clematidea,SP44,Pollinatior richness (Lepidoptera),Richness,Pollinator,NA,NA,Non-woody,NA,,,NA,,,NA,,Insecta,Lepidoptera,Raw data (Available at figshare),Observational,Invaded vs Uninvaded,9,2.56,1.01,9,4,2.96
"Simla et al., 2022. Plants, 11: 1976",10.3390/plants11151976,2022,PR16,OBS75,CHT28,CHT28,14.975,102.1,Tropical,Asia,Thailand,Cropland,Praxelis clematidea,Praxelis clematidea,SP44,Pollinatior richness (Diptera),Richness,Pollinator,NA,NA,Non-woody,NA,,,NA,,,NA,,Insecta,Diptera,Raw data (Available at figshare),Observational,Invaded vs Uninvaded,9,9.78,2.54,9,8.89,3.02
"Simla et al., 2022. Plants, 11: 1976",10.3390/plants11151976,2022,PR16,OBS76,CHT28,CHT28,14.975,102.1,Tropical,Asia,Thailand,Cropland,Praxelis clematidea,Praxelis clematidea,SP44,Pollinatior richness (Other arthropods),Richness,Pollinator,NA,NA,Non-woody,NA,,,NA,,,NA,,Insecta,Mixed,Raw data (Available at figshare),Observational,Invaded vs Uninvaded,9,2.44,1.74,9,0.89,1.05
"Stubbs et al., 2007. Technical report, NPS/NER/NRTR--2007/096",NA,2007,PR17,OBS81,CHT29,CHT29,44.3333901,-68.467627,Non-tropical,North America,USA,Forest,Berberis thunbergii,Berberis thunbergii,SP05,Pollinator vistitation rate,Visitation rate,Pollination,Vaccinium angustifolium,Vaccinium stenophyllum,Woody,Woody,,Actinomorphic,Actinomorphic,Similar,Yellow,White,Dissimilar,Insecta,Mixed,Figure 5,Observational,Invaded vs Uninvaded,12,1.49,0.173205081,11,2.39,0.497493719
"Stubbs et al., 2007. Technical report, NPS/NER/NRTR--2007/096",NA,2007,PR17,OBS82,CHT30,CHT30,44.3333901,-68.467627,Non-tropical,North America,USA,Forest,Frangula alnus,Frangula alnus,SP20,Pollinator vistitation rate,Visitation rate,Pollination,Viburnum nudum,Viburnum nudum,Woody,Woody,,Actinomorphic,Actinomorphic,Similar,white; yellow or green,White,Similar,Insecta,Mixed,Figure 6,Observational,Invaded vs Uninvaded,11,4.81,4.245279732,11,5.46,5.737760887
"Stubbs et al., 2007. Technical report, NPS/NER/NRTR--2007/096",NA,2007,PR17,OBS83,CHT31,CHT31,44.3333901,-68.467627,Non-tropical,North America,USA,Forest,Lythrum salicaria,Lythrum salicaria,SP33,Pollinator vistitation rate,Visitation rate,Pollination,Spiraea alba,Spiraea alba,Non-woody,Woody,,Actinomorphic,Actinomorphic,Similar,Purple,Pinkish white,Similar,Insecta,Mixed,Figure 7,Observational,Invaded vs Uninvaded,13,16.93,2.704163457,8,29.29,27.69030155
"Stubbs et al., 2007. Technical report, NPS/NER/NRTR--2007/096",NA,2007,PR17,OBS84,CHT29,CHT29,44.3333901,-68.467627,Non-tropical,North America,USA,Forest,Berberis thunbergii,Berberis thunbergii,SP05,Fruit set (%),Fruit set,Pollination,Vaccinium angustifolium,Vaccinium stenophyllum,Woody,Woody,,Actinomorphic,Actinomorphic,Similar,Pale yellow/Orange yellow,White,Dissimilar,Insecta,Mixed,Figure 11b,Observational,Invaded vs Uninvaded,9,55.15,31.98,10,63.24,23.2427408
"Stubbs et al., 2007. Technical report, NPS/NER/NRTR--2007/096",NA,2007,PR17,OBS85,CHT30,CHT30,44.3333901,-68.467627,Non-tropical,North America,USA,Forest,Frangula alnus,Frangula alnus,SP20,Fruit set (%),Fruit set,Pollination,Viburnum nudum,Viburnum nudum,Woody,Woody,Similar,Actinomorphic,Actinomorphic,Similar,Pale green/Greenish-white/Yellowish-white.,Creamy white/Yellowish-white,Similar,Insecta,Mixed,Figure 11b,Observational,Invaded vs Uninvaded,7,13.97,4.868182412,8,14.33,13.54816593
"Stubbs et al., 2007. Technical report, NPS/NER/NRTR--2007/096",NA,2007,PR17,OBS86,CHT31,CHT31,44.3333901,-68.467627,Non-tropical,North America,USA,Forest,Lythrum salicaria,Lythrum salicaria,SP33,Fruit set (%),Fruit set,Pollination,Spiraea alba,Spiraea alba,Non-woody,Woody,Dissimilar,Actinomorphic,Actinomorphic,Similar,Purple,Pinkish white,Dissimilar,Insecta,Mixed,Figure 11b,Observational,Invaded vs Uninvaded,11,87.13,4.875438442,9,77.2,7.74
"Da Silva et al., 2013. Oecologia, 172: 469-476",10.1007/s00442-012-2513-7,2013,PR18,OBS87,CHT32,CHT32,44.567,-76.324,Non-tropical,North America,Canada,Wetland,Lythrum salicaria,Lythrum salicaria,SP33,Number of pollinators,Abundance,Pollinator,NA,NA,Non-woody,NA,,Actinomorphic,NA,,Purple,NA,,Insecta,Mixed,Table 1,Observational,Invaded vs Uninvaded,6,35.8,18.61612205,7,41.9,15.87450787
"Da Silva et al., 2013. Oecologia, 172: 469-476",10.1007/s00442-012-2513-7,2013,PR18,OBS88,CHT33,CHT33,44.567,-76.324,Non-tropical,North America,Canada,Wetland,Lythrum salicaria,Lythrum salicaria,SP33,Number of pollinators,Abundance,Pollinator,NA,NA,Non-woody,NA,,Actinomorphic,NA,,Purple,NA,,Insecta,Mixed,Table 1,Observational,Invaded vs Uninvaded,5,54.8,13.64001466,7,41.9,15.87450787
"Da Silva et al., 2013. Oecologia, 172: 469-476",10.1007/s00442-012-2513-7,2013,PR18,OBS89,CHT34,CHT34,44.567,-76.324,Non-tropical,North America,Canada,Wetland,Lythrum salicaria,Lythrum salicaria,SP33,Number of pollinators,Abundance,Pollinator,NA,NA,Non-woody,NA,,Actinomorphic,NA,,Purple,NA,,Insecta,Mixed,Table 1,Observational,Invaded vs Uninvaded,8,57.9,23.47594514,7,41.9,15.87450787
"Da Silva et al., 2013. Oecologia, 172: 469-476",10.1007/s00442-012-2513-7,2013,PR18,OBS90,CHT35,CHT35,44.567,-76.324,Non-tropical,North America,Canada,Wetland,Lythrum salicaria,Lythrum salicaria,SP33,Number of pollinators,Abundance,Pollinator,NA,NA,Non-woody,NA,,Actinomorphic,NA,,Purple,NA,,Insecta,Mixed,Table 1,Observational,Invaded vs Uninvaded,6,35.8,18.61612205,5,56,31.52855848
"Da Silva et al., 2013. Oecologia, 172: 469-476",10.1007/s00442-012-2513-7,2013,PR18,OBS91,CHT36,CHT36,44.567,-76.324,Non-tropical,North America,Canada,Wetland,Lythrum salicaria,Lythrum salicaria,SP33,Number of pollinators,Abundance,Pollinator,NA,NA,Non-woody,NA,,Actinomorphic,NA,,Purple,NA,,Insecta,Mixed,Table 1,Observational,Invaded vs Uninvaded,5,54.8,13.64001466,5,56,31.52855848
"Da Silva et al., 2013. Oecologia, 172: 469-476",10.1007/s00442-012-2513-7,2013,PR18,OBS92,CHT37,CHT37,44.567,-76.324,Non-tropical,North America,Canada,Wetland,Lythrum salicaria,Lythrum salicaria,SP33,Number of pollinators,Abundance,Pollinator,NA,NA,Non-woody,NA,,Actinomorphic,NA,,Purple,NA,,Insecta,Mixed,Table 1,Observational,Invaded vs Uninvaded,8,57.9,23.47594514,5,56,31.52855848
"Da Silva et al., 2013. Oecologia, 172: 469-476",10.1007/s00442-012-2513-7,2013,PR18,OBS93,CHT38,CHT38,44.567,-76.324,Non-tropical,North America,Canada,Wetland,Lythrum salicaria,Lythrum salicaria,SP33,Seed set ,Seed set,Pollination,Decodon verticillatus,Decodon verticillatus,Non-woody,Woody,Dissimilar,Actinomorphic,Actinomorphic,Similar,Purple,Purple,Similar,Insecta,Mixed,Figure 2,Observational,Invaded vs Uninvaded,43,25.27,9.573860245,20,21.47,9.793977741
"Larson et al., 2016. PLoS ONE 11(5): e0155068",10.1371/journal.pone.0155068,2016,PR19,OBS94,CHT39,CHT39,43.6829223,-102.7123991,Non-tropical,North America,USA,Grassland,Cirsium arvense,Cirsium arvense,SP16,number of insect species,Richness,Pollinator,NA,NA,Non-woody,Woody/Non-woody,,,NA,,,NA,,Insecta,Mixed,Figure 3a,Observational,Invaded vs Uninvaded,5,9.36,3.823676242,7,7.61,5.000469978
"Flanagan et al., 2010.  Oecologia, 164, 445-454",10.1007/s00442-010-1693-2,2010,PR20,OBS95,CHT41,CHT40,43.3877048,-88.0241135,Non-tropical,North America,USA,NA,Lythrum salicaria,Lythrum salicaria,SP33,visits per flower per hour,Visitation rate,Pollination,Mimulus ringens,Mimulus ringens,Non-woody,Non-woody,Similar,Actinomorphic,Zygomorphic,Dissimilar,Purple,Blue,Dissimilar,Insecta,Hymnoptera,Text,Experimental,Invaded vs Uninvaded,45,1.83,2.549117494,45,1.64,2.549117494
"Flanagan et al., 2010.  Oecologia, 164, 445-454",10.1007/s00442-010-1693-2,2010,PR20,OBS96,CHT41,CHT40,43.3877048,-88.0241135,Non-tropical,North America,USA,NA,Lythrum salicaria,Lythrum salicaria,SP33,mean number of seeds per Mimulus fruit,Seed set,Pollination,Mimulus ringens,Mimulus ringens,Non-woody,Non-woody,Similar,Actinomorphic,Zygomorphic,Dissimilar,Purple,Blue,Dissimilar,Insecta,Hymnoptera,Figure 4,Experimental,Invaded vs Uninvaded,45,1360,1207.476708,45,2020,1140.394669
"Flanagan et al., 2010.  Oecologia, 164, 445-454",10.1007/s00442-010-1693-2,2010,PR20,OBS97,CHT41,CHT40,43.3877048,-88.0241135,Non-tropical,North America,USA,NA,Lythrum salicaria,Lythrum salicaria,SP33,mean number of bees per array,Abundance,Pollinator,Mimulus ringens,Mimulus ringens,Non-woody,Non-woody,,Actinomorphic,Zygomorphic,,Purple,Blue,,Insecta,Hymnoptera,Figure 2,Experimental,Invaded vs Uninvaded,65,1.91,2.338054747,65,0.58,2.25743217
"Török et al., 2025. Basic and Applied Ecology, 85: 1-10",10.1016/j.baae.2025.03.009,2025,PR21,OBS98,CHT42,CHT41,46.9631441,19.779632,Non-tropical,Europe,Hungary,Grassland,Asclepias syriaca,Asclepias syriaca,SP04,Flower visitor species richness,Richness,Pollinator,NA,NA,Non-woody,NA,,,NA,,White/Pink/Red,NA,,Insecta,Mixed,Text,Observational,Invaded vs Uninvaded,34,6.11,2.857166428,34,7.11,3.265333061
"Vilà  et al., 2009. Proceedings of the Royal Society B-Biological Sciences, 276: 3887-3893",10.1098/rspb.2009.1076,2009,PR22,OBS99,CHT43,CHT42,35.3240386,-17.5959246,Non-tropical,Europe,Spain,NA,Carpobrotus affine acinaciformis,Carpobrotus affine acinaciformis,SP10,Pollinator richness (%),Richness,Pollinator,NA,NA,Non-woody,NA,,Actinomorphic,NA,,Purplish-pink,NA,,Insecta,Mixed,Figure 1a,Observational,Invaded vs Uninvaded,3,54.73,3.013768405,3,17.41,2.147743001
"Vilà  et al., 2009. Proceedings of the Royal Society B-Biological Sciences, 276: 3887-3893",10.1098/rspb.2009.1076,2009,PR22,OBS100,CHT44,CHT43,51.0563449,5.1649885,Non-tropical,Europe,Germany,NA,Impatiens glandulifera,Impatiens glandulifera,SP26,Pollinator richness (%),Richness,Pollinator,NA,NA,Non-woody,NA,,Zygomorphic,NA,,Purple,NA,,Insecta,Mixed,Figure 1a,Observational,Invaded vs Uninvaded,3,48.5,15.95218794,3,22.88,4.312806511
"Vilà  et al., 2009. Proceedings of the Royal Society B-Biological Sciences, 276: 3887-3893",10.1098/rspb.2009.1076,2009,PR22,OBS101,CHT45,CHT44,35.3240386,-17.5959246,Non-tropical,Europe,Spain,NA,Opuntia stricta,Opuntia stricta,SP38,Pollinator richness (%),Richness,Pollinator,NA,NA,Woody,NA,,,NA,,Yellow,NA,,Insecta,Mixed,Figure 1a,Observational,Invaded vs Uninvaded,3,48.01,6.460549512,3,11.69,2.147743001
"Vilà  et al., 2009. Proceedings of the Royal Society B-Biological Sciences, 276: 3887-3893",10.1098/rspb.2009.1076,2009,PR22,OBS102,CHT46,CHT45,53.354181,-10.7431702,Non-tropical,Europe,Ireland,NA,Rhododendron ponticum,Rhododendron ponticum,SP49,Pollinator richness (%),Richness,Pollinator,NA,NA,Woody,NA,,,NA,,,NA,,Insecta,Mixed,Figure 1a,Observational,Invaded vs Uninvaded,3,49.25,14.65314983,3,20.89,8.608292514
"Vilà  et al., 2009. Proceedings of the Royal Society B-Biological Sciences, 276: 3887-3893",10.1098/rspb.2009.1076,2009,PR22,OBS103,CHT47,CHT46,38.0274756,19.0274303,Non-tropical,Europe,Greece,NA,Solanum elaeagnifolium ,Solanum elaeagnifolium ,SP55,Pollinator richness (%),Richness,Pollinator,NA,NA,Woody,NA,,,NA,,,NA,,Insecta,Mixed,Figure 1a,Observational,Invaded vs Uninvaded,3,50.49,15.51917524,3,48.01,11.63938143
"Ramula & Pihlaja, 2012. Biological Invasions, 14: 2079-2090",10.1007/s10530-012-0215-z,2012,PR23,OBS104,CHT48,CHT47,64.4083046,15.3644835,Non-tropical,Europe,Finland,Wasteland/Old-field,Lupinus polyphyllus,Lupinus polyphyllus,SP32,Seed set,Seed set,Pollination,Multiple,NA,Non-woody,NA,,Zygomorphic,To be seen from list,NA,Blue/Pink/White,Multiple,NA,,,Figure 4a,Observational,Invaded vs Uninvaded,8,0.75,0.22627417,8,0.73,0.254558441
"Ramula & Pihlaja, 2012. Biological Invasions, 14: 2079-2090",10.1007/s10530-012-0215-z,2012,PR23,OBS105,CHT49,CHT48,64.4083046,15.3644835,Non-tropical,Europe,Finland,Forest,Lupinus polyphyllus,Lupinus polyphyllus,SP32,Seed set,Seed set,Pollination,Multiple,NA,Non-woody,NA,,Zygomorphic,To be seen from list,NA,Blue/Pink/White,Multiple,NA,,,Figure 4a,Observational,Invaded vs Uninvaded,8,0.43,0.22627417,8,0.31,0.197989899
"Ramula & Pihlaja, 2012. Biological Invasions, 14: 2079-2090",10.1007/s10530-012-0215-z,2012,PR23,OBS106,CHT50,CHT49,64.4083046,15.3644835,Non-tropical,Europe,Finland,Road verge,Lupinus polyphyllus,Lupinus polyphyllus,SP32,Seed set,Seed set,Pollination,Multiple,NA,Non-woody,NA,,Zygomorphic,To be seen from list,NA,Blue/Pink/White,Multiple,NA,,,Figure 4a,Observational,Invaded vs Uninvaded,8,0.3,0.141421356,8,0.4,0.169705627
"Gallé et al., 2023. Science of The Total Environment, 903: 166199",10.1016/j.scitotenv.2023.166199,2023,PR24,OBS107,CHT51,CHT50,46.999994,20.4896761,Non-tropical,Europe,Hungary,Grassland,Asclepias syriaca,Asclepias syriaca,SP04,,Richness,Pollinator,NA,NA,Non-woody,NA,,White/Pink/Red,NA,,,NA,,Insecta,Mixed,Appendix C,Observational,Invaded vs Uninvaded,30,6.37,2.683840532,30,5.66,2.848157299
"McKinney & Goodell, 2011. Plant Ecology, 212: 1025-1035",10.1007/s11258-010-9882-y,2011,PR25,OBS108,CHT52,CHT51,40.0840177,-82.5226432,Non-tropical,North America,USA,Forest,Lonicera maackii,Lonicera maackii,SP30,Number of pollinator taxa visting Hydrophyllum macrophyllum,Richness,Pollinator,Hydrophyllum macrophyllum,Hydrophyllum macrophyllum,Woody,Non-woody,,Zygomorphic,,,White/Pink,,,Insecta,Mixed,Text,Experimental,Invaded vs Uninvaded,12,2.83,0.727461339,12,1.83,0.727461339
"McKinney & Goodell, 2011. Plant Ecology, 212: 1025-1035",10.1007/s11258-010-9882-y,2011,PR25,OBS109,CHT52,CHT51,40.0840177,-82.5226432,Non-tropical,North America,USA,Forest,Lonicera maackii,Lonicera maackii,SP30,Pollinator visitation rate to H. macrophyllum,Visitation rate,Pollination,Hydrophyllum macrophyllum,Hydrophyllum macrophyllum,Woody,Non-woody,Dissimilar,Zygomorphic,Actinomorphic,Dissimilar,White/Pink,White,Similar,Insecta,Mixed,Figure 4a,Experimental,Invaded vs Uninvaded,12,0.98,0.311769145,12,0.48,0.207846097
"McKinney & Goodell, 2011. Plant Ecology, 212: 1025-1035",10.1007/s11258-010-9882-y,2011,PR25,OBS110,CHT52,CHT51,40.0840177,-82.5226432,Non-tropical,North America,USA,Forest,Lonicera maackii,Lonicera maackii,SP30,Seeds per flower of H. macrophyllum,Seed set,Pollination,Hydrophyllum macrophyllum,Hydrophyllum macrophyllum,Woody,Non-woody,Dissimilar,Zygomorphic,Actinomorphic,Dissimilar,White/Pink,White,Similar,Insecta,Mixed,Figure 4b,Experimental,Invaded vs Uninvaded,11,1.12,0.331662479,10,0.71,0.411096096
"Russo et al., 2016. Diversity and Distributions, 22: 189-198",10.1111/ddi.12397,2016,PR26,OBS111,CHT53,CHT52,40.7097035,-77.9525614,Non-tropical,North America,USA,Cropland,Carduus acanthoides,Carduus acanthoides,SP08,Average abundance (Coleoptera) (vacuum insect traps),Abundance,Pollinator,Multiple,NA,Non-woody,Non-woody,,,NA,,Purple-red,NA,,Insecta,Coleoptera,Figure S1,Experimental,Invaded vs Uninvaded,36,1.84,1.26,36,2.2,1.26
"Russo et al., 2016. Diversity and Distributions, 22: 189-198",10.1111/ddi.12397,2016,PR26,OBS112,CHT54,CHT53,40.7097035,-77.9525614,Non-tropical,North America,USA,Cropland,Carduus acanthoides,Carduus acanthoides,SP08,Average abundance (Coleoptera) (composite insect traps),Abundance,Pollinator,Multiple,NA,Non-woody,Non-woody,,,NA,,Purple-red,NA,,Insecta,Coleoptera,Figure S1,Experimental,Invaded vs Uninvaded,36,3.65,1.14,36,3.6,1.26
"Russo et al., 2016. Diversity and Distributions, 22: 189-198",10.1111/ddi.12397,2016,PR26,OBS113,CHT53,CHT52,40.7097035,-77.9525614,Non-tropical,North America,USA,Cropland,Carduus acanthoides,Carduus acanthoides,SP08,Average abundance (Diptera) (vacuum insect traps),Abundance,Pollinator,Multiple,NA,Non-woody,Non-woody,,,NA,,Purple-red,NA,,Insecta,Diptera,Figure S1,Experimental,Invaded vs Uninvaded,36,2.2,0.66,36,2.8,0.72
"Russo et al., 2016. Diversity and Distributions, 22: 189-198",10.1111/ddi.12397,2016,PR26,OBS114,CHT54,CHT53,40.7097035,-77.9525614,Non-tropical,North America,USA,Cropland,Carduus acanthoides,Carduus acanthoides,SP08,Average abundance (Diptera) (composite insect traps),Abundance,Pollinator,Multiple,NA,Non-woody,Non-woody,,,NA,,Purple-red,NA,,Insecta,Diptera,Figure S1,Experimental,Invaded vs Uninvaded,36,5.59,0.72,36,5.66,0.6
"Russo et al., 2016. Diversity and Distributions, 22: 189-198",10.1111/ddi.12397,2016,PR26,OBS115,CHT53,CHT52,40.7097035,-77.9525614,Non-tropical,North America,USA,Cropland,Carduus acanthoides,Carduus acanthoides,SP08,Average abundance (Hemiptera) (vacuum insect traps),Abundance,Pollinator,Multiple,NA,Non-woody,Non-woody,,,NA,,Purple-red,NA,,Insecta,Hemiptera,Figure S1,Experimental,Invaded vs Uninvaded,36,2.95,1.56,36,3.21,1.56
"Russo et al., 2016. Diversity and Distributions, 22: 189-198",10.1111/ddi.12397,2016,PR26,OBS116,CHT54,CHT53,40.7097035,-77.9525614,Non-tropical,North America,USA,Cropland,Carduus acanthoides,Carduus acanthoides,SP08,Average abundance (Hemiptera) (composite insect traps),Abundance,Pollinator,Multiple,NA,Non-woody,Non-woody,,,NA,,Purple-red,NA,,Insecta,Hemiptera,Figure S1,Experimental,Invaded vs Uninvaded,36,5.1,1.5,36,4.91,1.5
"Russo et al., 2016. Diversity and Distributions, 22: 189-198",10.1111/ddi.12397,2016,PR26,OBS117,CHT53,CHT52,40.7097035,-77.9525614,Non-tropical,North America,USA,Cropland,Carduus acanthoides,Carduus acanthoides,SP08,Average abundance (Hymnoptera) (vacuum insect traps),Abundance,Pollinator,Multiple,NA,Non-woody,Non-woody,,,NA,,Purple-red,NA,,Insecta,Hymnoptera,Figure S1,Experimental,Invaded vs Uninvaded,36,3.19,1.5,36,2.3,1.56
"Russo et al., 2016. Diversity and Distributions, 22: 189-198",10.1111/ddi.12397,2016,PR26,OBS118,CHT54,CHT53,40.7097035,-77.9525614,Non-tropical,North America,USA,Cropland,Carduus acanthoides,Carduus acanthoides,SP08,Average abundance (Hymnoptera) (composite insect traps),Abundance,Pollinator,Multiple,NA,Non-woody,Non-woody,,,NA,,Purple-red,NA,,Insecta,Hymnoptera,Figure S1,Experimental,Invaded vs Uninvaded,36,3.81,1.44,36,3.93,1.44
"Russo et al., 2016. Diversity and Distributions, 22: 189-198",10.1111/ddi.12397,2016,PR26,OBS119,CHT53,CHT52,40.7097035,-77.9525614,Non-tropical,North America,USA,Cropland,Carduus acanthoides,Carduus acanthoides,SP08,Average bee abundance (vacuum insect traps),Abundance,Pollinator,Multiple,NA,Non-woody,Non-woody,,,NA,,Purple-red,NA,,Insecta,Hymnoptera,Figure S3,Experimental,Invaded vs Uninvaded,36,1.6,1.26,36,0.69,1.5
"Russo et al., 2016. Diversity and Distributions, 22: 189-198",10.1111/ddi.12397,2016,PR26,OBS120,CHT54,CHT53,40.7097035,-77.9525614,Non-tropical,North America,USA,Cropland,Carduus acanthoides,Carduus acanthoides,SP08,Average bee abundance (composite insect traps),Abundance,Pollinator,Multiple,NA,Non-woody,Non-woody,,,NA,,Purple-red,NA,,Insecta,Hymnoptera,Figure S3,Experimental,Invaded vs Uninvaded,36,0.98,1.32,36,0.35,1.44
"Russo et al., 2016. Diversity and Distributions, 22: 189-198",10.1111/ddi.12397,2016,PR26,OBS121,CHT53,CHT52,40.7097035,-77.9525614,Non-tropical,North America,USA,Cropland,Carduus acanthoides,Carduus acanthoides,SP08,Average bee richness (vacuum insect traps),Richness,Pollinator,Multiple,NA,Non-woody,Non-woody,,,NA,,Purple-red,NA,,Insecta,Hymnoptera,Figure S3,Experimental,Invaded vs Uninvaded,36,1.08,0.42,36,0.69,0.72
"Russo et al., 2016. Diversity and Distributions, 22: 189-198",10.1111/ddi.12397,2016,PR26,OBS122,CHT54,CHT53,40.7097035,-77.9525614,Non-tropical,North America,USA,Cropland,Carduus acanthoides,Carduus acanthoides,SP08,Average bee richness (composite insect traps),Richness,Pollinator,Multiple,NA,Non-woody,Non-woody,,,NA,,Purple-red,NA,,Insecta,Hymnoptera,Figure S3,Experimental,Invaded vs Uninvaded,36,0.35,0.72,36,0.34,0.78
"Emery & Doran, 2013. Biological Conservation, 161: 174-181",10.1016/j.biocon.2013.03.015,2013,PR27,OBS123,CHT55,CHT54,44.9355052,-86.1434421,Non-tropical,North America,USA,Dune,Gypsophila paniculata,Gypsophila paniculata,SP22,Total pollinators per plot,Abundance,Pollinator,NA,NA,Non-woody,NA,,,NA,,,NA,,Insecta,Mixed,Figure 4a,Observational,Invaded vs Uninvaded,4,2.48,2.46,5,1.57,1.274558747
"King & Sargent, 2012. Biological Invasions, 14: 1809-1818",10.1007/s10530-012-0191-3,2012,PR28,OBS124,CHT56,CHT55,44.567,-76.324,Non-tropical,North America,Canada,Wetland,Lythrum salicaria,Lythrum salicaria,SP33,Pollinator visitation rate to Decodon verticillatus,Visitation rate,Pollination,Decodon verticillatus,Decodon verticillatus,Non-woody,Woody,Dissimilar,Actinomorphic,Actinomorphic,Similar,Purple,Pink,Dissimilar,Insecta,Mixed,Figure 3a,Experimental,Invaded vs Uninvaded,20,2.11,1.207476708,20,2.92,1.207476708
"King & Sargent, 2012. Biological Invasions, 14: 1809-1818",10.1007/s10530-012-0191-3,2012,PR28,OBS125,CHT56,CHT55,44.567,-76.324,Non-tropical,North America,Canada,Wetland,Lythrum salicaria,Lythrum salicaria,SP33,Bombus spp visitation rate to Decodon verticillatus,Visitation rate,Pollination,Decodon verticillatus,Decodon verticillatus,Non-woody,Woody,Dissimilar,Actinomorphic,Actinomorphic,Similar,Purple,Pink,Dissimilar,Insecta,Hymnoptera,Figure 3b,Experimental,Invaded vs Uninvaded,20,1.54,1.118033989,20,2.59,1.162755348
"Fiedler et al., 2012. Restoration Ecology, 20: 593-602",10.1111/j.1526-100X.2011.00820.x,2012,PR29,OBS126,CHT57,CHT56,42.1276008,-84.4049576,Non-tropical,North America,USA,Wetland,Frangula alnus,Frangula alnus,SP20,Bee abundance,Abundance,Pollinator,NA,NA,Woody,NA,,,NA,,,NA,,Insecta,Hymnoptera,Figure 3a,Observational,Invaded vs Uninvaded,6,0.19,0.244948974,3,3.4,1.645448267
"Fiedler et al., 2012. Restoration Ecology, 20: 593-602",10.1111/j.1526-100X.2011.00820.x,2012,PR29,OBS127,CHT58,CHT57,42.1276008,-84.4049576,Non-tropical,North America,USA,Wetland,Frangula alnus,Frangula alnus,SP20,Bee diversity,Diversity,Pollinator,NA,NA,Woody,NA,,,NA,,,NA,,Insecta,Hymnoptera,Figure 3b,Observational,Invaded vs Uninvaded,6,3.19,0.955301,3,5.56,2.026499445
"Fiedler et al., 2012. Restoration Ecology, 20: 593-602",10.1111/j.1526-100X.2011.00820.x,2012,PR29,OBS128,CHT57,CHT56,42.1276008,-84.4049576,Non-tropical,North America,USA,Wetland,Frangula alnus,Frangula alnus,SP20,Butterfly abundance,Abundance,Pollinator,NA,NA,Woody,NA,,,NA,,,NA,,Insecta,Lepidoptera,Figure 3c,Observational,Invaded vs Uninvaded,6,0.08,0.146969385,3,1.42,1.125833025
"Fiedler et al., 2012. Restoration Ecology, 20: 593-602",10.1111/j.1526-100X.2011.00820.x,2012,PR29,OBS129,CHT57,CHT56,42.1276008,-84.4049576,Non-tropical,North America,USA,Wetland,Frangula alnus,Frangula alnus,SP20,Butterfly diversity,Diversity,Pollinator,NA,NA,Woody,NA,,,NA,,,NA,,Insecta,Lepidoptera,Figure 3d,Observational,Invaded vs Uninvaded,6,0.34,0.514392846,3,2.82,1.714730299
"Dietzsch et al., 2011. Oecologia, 167, 469-479 ",10.1007/s00442-011-1987-z,2011,PR30,OBS130,CHT59,CHT58,53.0818042,-6.4041807,Non-tropical,Europe,Ireland,Forest,Rhododendron ponticum,Rhododendron ponticum,SP49,Digitalis purpurea fruit set (%) ,Fruit set,Pollination,Digitalis purpurea,Digitalis purpurea,Woody,Non-woody,Dissimilar,Zygomorphic,Zygomorphic,Similar,Pink-purple,Pink-purple,Similar,Insecta,Mixed,Text,Observational,Invaded vs Uninvaded,2,100,0,3,96.5,4.572614132
"Iler & Goodell, 2014. Journal of Pollination Ecology, 13: 174-183",10.26786/1920-7603(2014)15,2014,PR31,OBS131,CHT60,CHT59,39.880308,-82.9060991,Non-tropical,North America,USA,Wasteland/Old-field,Lonicera maackii,Lonicera maackii,SP30,visits to Geranium maculatum,Visitation rate,Pollination,Geranium maculatum,Geranium maculatum,Woody,Non-woody,Dissimilar,Zygomorphic,Actinomorphic,Dissimilar,White/Pink,purple-pink,Similar,Insecta,Hymnoptera,Figure 2b,Experimental,Invaded vs Uninvaded,8,0.49,0.395979797,8,0.5,0.22627417
"Iler & Goodell, 2014. Journal of Pollination Ecology, 13: 174-183",10.26786/1920-7603(2014)15,2014,PR31,OBS132,CHT60,CHT59,39.880308,-82.9060991,Non-tropical,North America,USA,Wasteland/Old-field,Lonicera maackii,Lonicera maackii,SP30,Duration of visits to Geranium maculatum,Duration of visits,Pollination,Geranium maculatum,Geranium maculatum,Woody,Non-woody,Dissimilar,Zygomorphic,Actinomorphic,Dissimilar,White/Pink,purple-pink,Similar,Insecta,Hymnoptera,Figure 2c,Experimental,Invaded vs Uninvaded,7,4.42,5.026927491,8,11.67,7.467047609
"Iler & Goodell, 2014. Journal of Pollination Ecology, 13: 174-183",10.26786/1920-7603(2014)15,2014,PR31,OBS133,CHT60,CHT59,39.880308,-82.9060991,Non-tropical,North America,USA,Wasteland/Old-field,Lonicera maackii,Lonicera maackii,SP30,Seeds per flower of Geranium maculatum,Seed set,Pollination,Geranium maculatum,Geranium maculatum,Woody,Non-woody,Dissimilar,Zygomorphic,Actinomorphic,Dissimilar,White/Pink,purple-pink,Similar,Insecta,Hymnoptera,Figure 4b,Experimental,Invaded vs Uninvaded,8,0.28,0.197989899,8,0.41,0.424264069
"Hanula & Horn, 2011. Insect Conservation and Diversity, 4: 275-283",10.1111/j.1752-4598.2011.00131.x,2011,PR32,OBS134,CHT61,CHT60,33.9,-83.38333333,Non-tropical,North America,USA,Riparain,Ligustrum sinense,Ligustrum sinense,SP28,Bee richness,Richness,Pollinator,NA,NA,Woody,NA,,,NA,,,NA,,Insecta,Hymnoptera,Figure 1,Observational,Invaded vs Uninvaded,4,10.07,3.12,3,34.03,6.980164755
"Hanula & Horn, 2011. Insect Conservation and Diversity, 4: 275-283",10.1111/j.1752-4598.2011.00131.x,2011,PR32,OBS135,CHT61,CHT60,33.9,-83.38333333,Non-tropical,North America,USA,Riparain,Ligustrum sinense,Ligustrum sinense,SP28,Bee abundance,Abundance,Pollinator,NA,NA,Woody,NA,,,NA,,,NA,,Insecta,Hymnoptera,Figure 1,Observational,Invaded vs Uninvaded,4,29.63,22.22,3,211.11,57.72925342
"Hanula & Horn, 2011. Insect Conservation and Diversity, 4: 275-283",10.1111/j.1752-4598.2011.00131.x,2011,PR32,OBS136,CHT61,CHT60,33.9,-83.38333333,Non-tropical,North America,USA,Riparain,Ligustrum sinense,Ligustrum sinense,SP28,Bee diversity,Diversity,Pollinator,NA,NA,Woody,NA,,,NA,,,NA,,Insecta,Hymnoptera,Figure 1,Observational,Invaded vs Uninvaded,4,1.89,0.18,3,2.79,0.034641016
"Hanula & Horn, 2011. Insect Conservation and Diversity, 4: 275-283",10.1111/j.1752-4598.2011.00131.x,2011,PR32,OBS137,CHT61,CHT60,33.9,-83.38333333,Non-tropical,North America,USA,Riparain,Ligustrum sinense,Ligustrum sinense,SP28,Bee evenness,Evenness,Pollinator,NA,NA,Woody,NA,,,NA,,,NA,,Insecta,Hymnoptera,Figure 1,Observational,Invaded vs Uninvaded,4,0.8,0.08,3,0.8,0.034641016
"Hudson et al., 2013. Biological Conservation, 167: 355-362",10.1016/j.biocon.2013.09.001,2013,PR33,OBS138,CHT62,CHT61,33.9,-83.38333333,Non-tropical,North America,USA,Riparain,Ligustrum sinense,Ligustrum sinense,SP28,Bee richness,Richness,Pollinator,NA,NA,Woody,NA,,,NA,,,NA,,Insecta,Hymnoptera,Figure 1a,Observational,Invaded vs Uninvaded,4,12.26,5.92,3,26.05,3.325537551
"Hudson et al., 2013. Biological Conservation, 167: 355-362",10.1016/j.biocon.2013.09.001,2013,PR33,OBS139,CHT62,CHT61,33.9,-83.38333333,Non-tropical,North America,USA,Riparain,Ligustrum sinense,Ligustrum sinense,SP28,Bee abundance,Abundance,Pollinator,NA,NA,Woody,NA,,,NA,,,NA,,Insecta,Hymnoptera,Figure 1b,Observational,Invaded vs Uninvaded,4,48.3,43.2,3,157.63,19.81466124
"Hudson et al., 2013. Biological Conservation, 167: 355-362",10.1016/j.biocon.2013.09.001,2013,PR33,OBS140,CHT62,CHT61,33.9,-83.38333333,Non-tropical,North America,USA,Riparain,Ligustrum sinense,Ligustrum sinense,SP28,Butterfly richness,Richness,Pollinator,NA,NA,Woody,NA,,,NA,,,NA,,Insecta,Lepidoptera,Figure 1a,Observational,Invaded vs Uninvaded,4,3.96,9.98,3,13.92,3.533383647
"Hudson et al., 2013. Biological Conservation, 167: 355-362",10.1016/j.biocon.2013.09.001,2013,PR33,OBS141,CHT62,CHT61,33.9,-83.38333333,Non-tropical,North America,USA,Riparain,Ligustrum sinense,Ligustrum sinense,SP28,Butterfly abundance,Abundance,Pollinator,NA,NA,Woody,NA,,,NA,,,NA,,Insecta,Lepidoptera,Figure 1b,Observational,Invaded vs Uninvaded,4,29.23,22.88,3,189.41,35.21259292
"Saito and Kadono, 2021. Acta Phytotaxonomica et Geobotanica, 72 : 293-300",10.18942/apg.202101,2021,PR34,OBS142,CHT63,CHT62,34.77,134.855,Non-tropical,Asia,Japan,Riparain,Veronica anagallis-aquatica,Veronica anagallis-aquatica,SP64,Seed set of Veronica undulata,Seed set,Pollination,Veronica undulata,Veronica undulata,Non-woody,Non-woody,Similar,Zygomorphic,Zygomorphic,Similar,Blue,Pale blue/Pale purple/White,Similar,Insecta,Diptera,Table 2,Observational,Invaded vs Uninvaded,10,73.8,22.6,12,96.5,2.2
"Kelleher & Choi, 2020. Restoration Ecology, 28: 1464-1474",10.1111/rec.13238,2020,PR35,OBS143,CHT64,CHT63,41.4477683,-87.15534,Non-tropical,North America,USA,Wasteland/Old-field,Phalaris arundinacea,Phalaris arundinacea,SP42,Pollinator abundance (Halictidae),Abundance,Pollinator,NA,NA,Non-woody,NA,,,NA,,,NA,,Insecta,Hymnoptera,Table S2,Observational,Invaded vs Uninvaded,5,14.2,3.801315562,5,11.2,4.024922359
"Kelleher & Choi, 2020. Restoration Ecology, 28: 1464-1474",10.1111/rec.13238,2020,PR35,OBS144,CHT64,CHT63,41.4477683,-87.15534,Non-tropical,North America,USA,Wasteland/Old-field,Phalaris arundinacea,Phalaris arundinacea,SP42,Pollinator abundance (Syrphidae),Abundance,Pollinator,NA,NA,Non-woody,NA,,,NA,,,NA,,Insecta,Diptera,Table S2,Observational,Invaded vs Uninvaded,5,0.4,0.447213595,5,4,0
"Kelleher & Choi, 2020. Restoration Ecology, 28: 1464-1474",10.1111/rec.13238,2020,PR35,OBS145,CHT64,CHT63,41.4477683,-87.15534,Non-tropical,North America,USA,Wasteland/Old-field,Phalaris arundinacea,Phalaris arundinacea,SP42,Pollinator abundance (Syrphidae),Abundance,Pollinator,NA,NA,Non-woody,NA,,,NA,,,NA,,Insecta,Mixed,Table 2,Observational,Invaded vs Uninvaded,5,25,6.708203932,5,34,6.708203932
"Cariveau and Norton, 2009. Oikos, 118: 107114",10.1111/j.1600-0706.2008.16705.x,2009,PR36,OBS146,CHT65,CHT64,40.6833135,-105.5608727,Non-tropical,North America,USA,Grassland,Carduus nutans ,Carduus nutans,SP09,Visitation rate to Monarda fistulosa,Visitation rate,Pollination,Monarda fistulosa,Monarda fistulosa,Non-woody,Non-woody,Similar,Actinomorphic,Zygomorphic,Dissimilar,Blue-purple,Lavender/Purple/Light pink,Similar,Insecta,Mixed,Text,Experimental,Invaded vs Uninvaded,10,0.064,0.031622777,10,0.04,0.025298221
"Cariveau and Norton, 2009. Oikos, 118: 107114",10.1111/j.1600-0706.2008.16705.x,2009,PR36,OBS147,CHT65,CHT64,40.6833135,-105.5608727,Non-tropical,North America,USA,Grassland,Carduus nutans ,Carduus nutans,SP09,Seed set of Monarda fistulosa,Seed set,Pollination,Monarda fistulosa,Monarda fistulosa,Non-woody,Non-woody,Similar,Actinomorphic,Zygomorphic,Dissimilar,Blue-purple,Lavender/Purple/Light pink,Similar,Insecta,Mixed,Text,Experimental,Invaded vs Uninvaded,10,0.2,0.088543774,10,0.29,0.135977939
"de Groot et al., 2007. Biological Conservation, 136: 612-617",10.1016/j.biocon.2007.01.005,2007,PR37,OBS148,CHT66,CHT65,46.0662101,14.4495257,Non-tropical,Europe,Slovenia,Cropland,Solidago canadensis,Solidago canadensis,SP57,Species richness (Butterfly),Richness,Pollinator,NA,NA,Non-woody,NA,,,NA,,Yellow,NA,,Insecta,Lepidoptera,Figure 2a,Observational,Invaded vs Uninvaded,15,1.76,1.89776184,15,3.82,2.168870674
"de Groot et al., 2007. Biological Conservation, 136: 612-617",10.1016/j.biocon.2007.01.005,2007,PR37,OBS149,CHT66,CHT65,46.0662101,14.4495257,Non-tropical,Europe,Slovenia,Cropland,Solidago canadensis,Solidago canadensis,SP57,Species richness (Hoverfly),Richness,Pollinator,NA,NA,Non-woody,NA,,,NA,,Yellow,NA,,Insecta,Diptera,Figure 2a,Observational,Invaded vs Uninvaded,15,2.97,3.059656844,15,2.95,3.02092701
"de Groot et al., 2007. Biological Conservation, 136: 612-617",10.1016/j.biocon.2007.01.005,2007,PR37,OBS150,CHT66,CHT65,46.0662101,14.4495257,Non-tropical,Europe,Slovenia,Cropland,Solidago canadensis,Solidago canadensis,SP57,Number of individuals (Butterfly),Abundance,Pollinator,NA,NA,Non-woody,NA,,,NA,,Yellow,NA,,Insecta,Lepidoptera,Figure 2b,Observational,Invaded vs Uninvaded,15,2.43,2.788548009,15,8.13,4.686309849
"de Groot et al., 2007. Biological Conservation, 136: 612-617",10.1016/j.biocon.2007.01.005,2007,PR37,OBS151,CHT66,CHT65,46.0662101,14.4495257,Non-tropical,Europe,Slovenia,Cropland,Solidago canadensis,Solidago canadensis,SP57,Number of individuals (Hoverfly),Abundance,Pollinator,NA,NA,Non-woody,NA,,,NA,,Yellow,NA,,Insecta,Diptera,Figure 2b,Observational,Invaded vs Uninvaded,15,6.31,7.04882969,15,5.34,5.15106785
"de Groot et al., 2007. Biological Conservation, 136: 612-617",10.1016/j.biocon.2007.01.005,2007,PR37,OBS152,CHT66,CHT65,46.0662101,14.4495257,Non-tropical,Europe,Slovenia,Cropland,Solidago canadensis,Solidago canadensis,SP57,Species diversity (Butterfly),Diversity,Pollinator,NA,NA,Non-woody,NA,,,NA,,Yellow,NA,,Insecta,Lepidoptera,Figure 2c,Observational,Invaded vs Uninvaded,15,0.49,0.580947502,15,1.2,0.580947502
"de Groot et al., 2007. Biological Conservation, 136: 612-617",10.1016/j.biocon.2007.01.005,2007,PR37,OBS153,CHT66,CHT65,46.0662101,14.4495257,Non-tropical,Europe,Slovenia,Cropland,Solidago canadensis,Solidago canadensis,SP57,Species diversity (Hoverfly),Diversity,Pollinator,NA,NA,Non-woody,NA,,,NA,,Yellow,NA,,Insecta,Diptera,Figure 2c,Observational,Invaded vs Uninvaded,15,0.61,0.735866836,15,0.8,0.619677335
"Herron-Sweet et al., 2016. Ecosphere, 7: e01233",10.1002/ecs2.1233,2016,PR38,OBS154,CHT67,CHT66,46.6493228,-115.568715,Non-tropical,North America,USA,Grassland,Centaurea stoebe,Centaurea stoebe,SP13,Pollinator abundance,Abundance,Pollinator,NA,NA,Non-woody,NA,,,NA,,,NA,,Insecta,Mixed,Figure 4a,Observational,Invaded vs Uninvaded,9,14.49,5.7,9,8.67,9.66
"Herron-Sweet et al., 2016. Ecosphere, 7: e01233",10.1002/ecs2.1233,2016,PR38,OBS155,CHT67,CHT66,46.6493228,-115.568715,Non-tropical,North America,USA,Grassland,Centaurea stoebe,Centaurea stoebe,SP13,Pollinator richness,Richness,Pollinator,NA,NA,Non-woody,NA,,,NA,,,NA,,Insecta,Mixed,Figure 4b,Observational,Invaded vs Uninvaded,9,5.36,1.5,9,2.1,1.86
"Herron-Sweet et al., 2016. Ecosphere, 7: e01233",10.1002/ecs2.1233,2016,PR38,OBS156,CHT68,CHT67,46.6493228,-115.568715,Non-tropical,North America,USA,Grassland,Centaurea stoebe,Centaurea stoebe,SP13,Number of pollinator visits per flower To Heterotheca villosa,Number of visits,Pollination,Heterotheca villosa,Heterotheca villosa,Non-woody,Non-woody,Similar,Actinomorphic,Actinomorphic,Similar,Purple/Pink,Yellow,Dissimilar,Insecta,Mixed,Figure 5,Experimental,Invaded vs Uninvaded,5,1.3,0.603738354,5,1.66,1.252198067
"Ernst & Cappuccino, 2005. Biological Invasions, 7: 417-425",10.1007/s10530-004-4062-4,2005,PR39,OBS157,CHT69,CHT68,48.7862366,-95.3208669,Non-tropical,North America,Canada,Wasteland/Old-field,Vincetoxicum rossicum ,Vincetoxicum rossicum,SP65,Number of pollen/nectors feeders per pitfall trap,Abundance,Pollinator,NA,NA,Woody,NA,,,NA,,,NA,,Insecta,Mixed,Table 3,Observational,Invaded vs Uninvaded,38,0.6,0.56,39,1.24,1.21
"Ernst & Cappuccino, 2005. Biological Invasions, 7: 417-425",10.1007/s10530-004-4062-4,2005,PR39,OBS158,CHT70,CHT69,48.7862366,-95.3208669,Non-tropical,North America,Canada,Wasteland/Old-field,Vincetoxicum rossicum ,Vincetoxicum rossicum,SP65,Number of pollen/nectors feeders per pitfall trap,Abundance,Pollinator,NA,NA,Woody,NA,,,NA,,,NA,,Insecta,Mixed,Table 3,Observational,Invaded vs Uninvaded,38,0.6,0.56,42,1.4,1.26
"Nienhuis et al., 2009. Apidologie 40, 450-463",10.1051/apido/2009005,2009,PR40,OBS159,CHT71,CHT70,53.3535363,-6.4369202,Non-tropical,Europe,Ireland,Riparain,Impatiens glandulifera,Impatiens glandulifera,SP26,Number (N) of Bombus pascuorum individuals ,Abundance,Pollinator,NA,NA,Non-woody,NA,,Zygomorphic,NA,,Purple,NA,,Insecta,Hymnoptera,Figure 5,Observational,Invaded vs Uninvaded,3,55.51,21.32154544,3,45.13,31.090312
"Thijs et al., 2012. Biological Invasions, 14: 355-365",10.1007/s10530-011-0067-y,2012,PR41,OBS160,CHT72,CHT71,51.13333333,4.3,Non-tropical,Europe,Belgium,Wetland,Impatiens glandulifera,Impatiens glandulifera,SP26,Total number of pollinator species,Richness,Pollinator,Lythrum salicaria,Lythrum salicaria,Non-woody,Non-woody,,Zygomorphic,Actinomorphic,,Purple,Purple,,Insecta,Mixed,Table 2,Experimental,Invaded vs Uninvaded,18,3.56,1.697056275,19,5.32,2.179449472
"Thijs et al., 2012. Biological Invasions, 14: 355-365",10.1007/s10530-011-0067-y,2012,PR41,OBS161,CHT72,CHT71,51.13333333,4.3,Non-tropical,Europe,Belgium,Wetland,Impatiens glandulifera,Impatiens glandulifera,SP26,Pollinator diversity,Diversity,Pollinator,Lythrum salicaria,Lythrum salicaria,Non-woody,Non-woody,,Zygomorphic,Actinomorphic,,Purple,Purple,,Insecta,Mixed,Table 2,Experimental,Invaded vs Uninvaded,18,2.91,1.315218613,19,3.81,1.351258672
"Thijs et al., 2012. Biological Invasions, 14: 355-365",10.1007/s10530-011-0067-y,2012,PR41,OBS162,CHT72,CHT71,51.13333333,4.3,Non-tropical,Europe,Belgium,Wetland,Impatiens glandulifera,Impatiens glandulifera,SP26,Pollinator diversity of abundant species,Diversity,Pollinator,Lythrum salicaria,Lythrum salicaria,Non-woody,Non-woody,,Zygomorphic,Actinomorphic,,Purple,Purple,,Insecta,Mixed,Table 2,Experimental,Invaded vs Uninvaded,18,2.56,1.103086579,19,3.07,1.089724736
"Thijs et al., 2012. Biological Invasions, 14: 355-365",10.1007/s10530-011-0067-y,2012,PR41,OBS163,CHT72,CHT71,51.13333333,4.3,Non-tropical,Europe,Belgium,Wetland,Impatiens glandulifera,Impatiens glandulifera,SP26,Pollinator species evenness,Evenness,Pollinator,Lythrum salicaria,Lythrum salicaria,Non-woody,Non-woody,,Zygomorphic,Actinomorphic,,Purple,Purple,,Insecta,Mixed,Table 2,Experimental,Invaded vs Uninvaded,18,0.85,0.466690476,19,0.74,0.566656863
"Thijs et al., 2012. Biological Invasions, 14: 355-365",10.1007/s10530-011-0067-y,2012,PR41,OBS164,CHT72,CHT71,51.13333333,4.3,Non-tropical,Europe,Belgium,Wetland,Impatiens glandulifera,Impatiens glandulifera,SP26,Number of pollinators that visit a population during 20 min,Abundance,Pollinator,Lythrum salicaria,Lythrum salicaria,Non-woody,Non-woody,,Zygomorphic,Actinomorphic,,Purple,Purple,,Insecta,Mixed,Table 2,Experimental,Invaded vs Uninvaded,18,12.17,6.957930727,19,18,9.851111612
"Thijs et al., 2012. Biological Invasions, 14: 355-365",10.1007/s10530-011-0067-y,2012,PR41,OBS165,CHT72,CHT71,51.13333333,4.3,Non-tropical,Europe,Belgium,Wetland,Impatiens glandulifera,Impatiens glandulifera,SP26,Seed set,Seed set,Pollination,Lythrum salicaria,Lythrum salicaria,Non-woody,Non-woody,Similar,Zygomorphic,Actinomorphic,Dissimilar,Purple,Purple,Similar,Insecta,Mixed,Table 2,Experimental,Invaded vs Uninvaded,135,76.55,30.6740281,180,93.02,32.19937888
"Thijs et al., 2012. Biological Invasions, 14: 355-365",10.1007/s10530-011-0067-y,2012,PR41,OBS166,CHT73,CHT72,51.13333333,4.3,Non-tropical,Europe,Belgium,Wetland,Impatiens glandulifera,Impatiens glandulifera,SP26,Total number of pollinator species,Richness,Pollinator,Alisma plantago-aquatica,Alisma plantago-aquatica,Non-woody,Non-woody,,Zygomorphic,,,Purple,,,Insecta,Mixed,Table 4,Experimental,Invaded vs Uninvaded,14,4,3.367491648,15,4.67,3.292035844
"Thijs et al., 2012. Biological Invasions, 14: 355-365",10.1007/s10530-011-0067-y,2012,PR41,OBS167,CHT73,CHT72,51.13333333,4.3,Non-tropical,Europe,Belgium,Wetland,Impatiens glandulifera,Impatiens glandulifera,SP26,Pollinator diversity,Diversity,Pollinator,Alisma plantago-aquatica,Alisma plantago-aquatica,Non-woody,Non-woody,,Zygomorphic,,,Purple,,,Insecta,Mixed,Table 4,Experimental,Invaded vs Uninvaded,14,3.4,2.282411006,15,3.82,2.246330341
"Thijs et al., 2012. Biological Invasions, 14: 355-365",10.1007/s10530-011-0067-y,2012,PR41,OBS168,CHT73,CHT72,51.13333333,4.3,Non-tropical,Europe,Belgium,Wetland,Impatiens glandulifera,Impatiens glandulifera,SP26,Pollinator diversity of abundant species,Diversity,Pollinator,Alisma plantago-aquatica,Alisma plantago-aquatica,Non-woody,Non-woody,,Zygomorphic,,,Purple,,,Insecta,Mixed,Table 4,Experimental,Invaded vs Uninvaded,14,2.89,1.908245267,15,3.24,1.820302173
"Thijs et al., 2012. Biological Invasions, 14: 355-365",10.1007/s10530-011-0067-y,2012,PR41,OBS169,CHT73,CHT72,51.13333333,4.3,Non-tropical,Europe,Belgium,Wetland,Impatiens glandulifera,Impatiens glandulifera,SP26,Pollinator species evenness,Evenness,Pollinator,Alisma plantago-aquatica,Alisma plantago-aquatica,Non-woody,Non-woody,,Zygomorphic,,,Purple,,,Insecta,Mixed,Table 4,Experimental,Invaded vs Uninvaded,14,0.86,0.149666295,15,0.85,0.1161895
"Thijs et al., 2012. Biological Invasions, 14: 355-365",10.1007/s10530-011-0067-y,2012,PR41,OBS170,CHT73,CHT72,51.13333333,4.3,Non-tropical,Europe,Belgium,Wetland,Impatiens glandulifera,Impatiens glandulifera,SP26,Number of pollinators that visit a population during 20 min,Abundance,Pollinator,Alisma plantago-aquatica,Alisma plantago-aquatica,Non-woody,Non-woody,,Zygomorphic,,,Purple,,,Insecta,Mixed,Table 4,Experimental,Invaded vs Uninvaded,14,14.21,14.21829807,15,17.73,17.23477589
"Thijs et al., 2012. Biological Invasions, 14: 355-365",10.1007/s10530-011-0067-y,2012,PR41,OBS171,CHT73,CHT72,51.13333333,4.3,Non-tropical,Europe,Belgium,Wetland,Impatiens glandulifera,Impatiens glandulifera,SP26,Seed set,Seed set,Pollination,Alisma plantago-aquatica,Alisma plantago-aquatica,Non-woody,Non-woody,Similar,Zygomorphic,Actinomorphic,Dissimilar,Purple,White/Pale pink,Dissimilar,Insecta,Mixed,Table 4,Experimental,Invaded vs Uninvaded,135,18.32,2.672358509,135,18.87,2.207600507
"Thijs et al., 2012. Biological Invasions, 14: 355-365",10.1007/s10530-011-0067-y,2012,PR41,OBS172,CHT73,CHT72,51.13333333,4.3,Non-tropical,Europe,Belgium,Wetland,Impatiens glandulifera,Impatiens glandulifera,SP26,Fruit set,Fruit set,Pollination,Alisma plantago-aquatica,Alisma plantago-aquatica,Non-woody,Non-woody,Similar,Zygomorphic,Actinomorphic,Dissimilar,Purple,White/Pale pink,Dissimilar,Insecta,Mixed,Table 4,Experimental,Invaded vs Uninvaded,45,0.93,0.067082039,45,0.97,0.067082039
"Stiers et al., 2014. Aquatic Invasions, 9: 357-367",10.3391/ai.2014.9.3.10 ,2014,PR42,OBS173,CHT74,CHT73,51.18333333,5.2,Non-tropical,Europe,Belgium,Pond,Ludwigia grandiflora,Ludwigia grandiflora,SP31,Visitation rate to L. salicaria,Visitation rate,Pollination,Lythrum salicaria,Lythrum salicaria,Non-woody,Non-woody,Similar,Actinomorphic,Actinomorphic,Similar,Yellow,Purple,Dissimilar,Insecta,Mixed,Figure 4a,Experimental,Invaded vs Uninvaded,6,0.008,0.00244949,6,0.006,0.00244949
"Stiers et al., 2014. Aquatic Invasions, 9: 357-367",10.3391/ai.2014.9.3.10 ,2014,PR42,OBS174,CHT74,CHT73,51.18333333,5.2,Non-tropical,Europe,Belgium,Pond,Ludwigia grandiflora,Ludwigia grandiflora,SP31,Duration of visits to L. salicaria,Duration of visits,Pollination,Lythrum salicaria,Lythrum salicaria,Non-woody,Non-woody,Similar,Actinomorphic,Actinomorphic,Similar,Yellow,Purple,Dissimilar,Insecta,Mixed,Figure 4d,Experimental,Invaded vs Uninvaded,6,10.25,4.629535614,6,13.08,6.736096793
"Stiers et al., 2014. Aquatic Invasions, 9: 357-367",10.3391/ai.2014.9.3.10 ,2014,PR42,OBS175,CHT74,CHT73,51.18333333,5.2,Non-tropical,Europe,Belgium,Pond,Ludwigia grandiflora,Ludwigia grandiflora,SP31,Seed set per fruit of  L. salicaria,Seed set,Pollination,Lythrum salicaria,Lythrum salicaria,Non-woody,Non-woody,Similar,Actinomorphic,Actinomorphic,Similar,Yellow,Purple,Dissimilar,Insecta,Mixed,Figure 4e,Experimental,Invaded vs Uninvaded,6,0.91,0.073484692,6,0.93,0.048989795
"Ramula & Sorvari, 2017. Arthropod-Plant Interactions, 11: 911-918",10.1007/s11829-017-9547-z,2017,PR43,OBS176,CHT75,CHT74,60.4319814,22.0590616,Non-tropical,Europe,Finland,Wasteland/Old-field,Lupinus polyphyllus,Lupinus polyphyllus,SP32,Number of bumblebee individuals ,Abundance,Pollinator,NA,NA,Non-woody,NA,,Zygomorphic,NA,,Blue/Pink/White,NA,,Insecta,Hymnoptera,Figure 1a,Observational,Invaded vs Uninvaded,5,5.49,4.092004399,5,3.3,2.437314095
"Woods et al., 2012. Biological Invasions, 14: 1045-1059",10.1007/s10530-011-0138-0,2012,PR44,OBS177,CHT76,CHT75,39.16666667,-96.68333333,Non-tropical,North America,USA,Wasteland/Old-field,Lespedeza cuneata,Lespedeza cuneata,SP27,Visitation rates per flower of Lespedeza capitata,Visitation rate,Pollination,Lespedeza capitata, Lespedeza capitata,Woody/Non-woody,Non-woody,Similar,Zygomorphic,Zygomorphic,Similar,White/Cream,White/Cream,Similar,Insecta,Mixed,Figure 3a,Observational,Invaded vs Uninvaded,4,0.011,0.016,18,0.028,0.021213203
"Woods et al., 2012. Biological Invasions, 14: 1045-1059",10.1007/s10530-011-0138-0,2012,PR44,OBS178,CHT77,CHT76,39.23333333,-96.51666667,Non-tropical,North America,USA,Grassland,Lespedeza cuneata,Lespedeza cuneata,SP27,Visitation rates per flower of Lespedeza violacea,Visitation rate,Pollination,Lespedeza violacea,Lespedeza violacea,Woody/Non-woody,Non-woody,Similar,Zygomorphic,Zygomorphic,Similar,White/Cream,Pink/Purple,Dissimilar,Insecta,Mixed,Figure 3a,Observational,Invaded vs Uninvaded,3,9.00E-04,0.001212436,4,0.012,0.008
"Woods et al., 2012. Biological Invasions, 14: 1045-1059",10.1007/s10530-011-0138-0,2012,PR44,OBS179,CHT78,CHT77,39.35,-96.76666667,Non-tropical,North America,USA,Grassland,Lespedeza cuneata,Lespedeza cuneata,SP27,Visitation rates per flower of Lespedeza virginica,Visitation rate,Pollination,Lespedeza virginica,Lespedeza virginica,Woody/Non-woody,Non-woody,Similar,Zygomorphic,Zygomorphic,Similar,White/Cream,Pink/Purple,Dissimilar,Insecta,Mixed,Figure 3a,Observational,Invaded vs Uninvaded,6,0.012,0.009797959,13,0.013,0.014422205
"Woods et al., 2012. Biological Invasions, 14: 1045-1059",10.1007/s10530-011-0138-0,2012,PR44,OBS180,CHT76,CHT75,39.16666667,-96.68333333,Non-tropical,North America,USA,Wasteland/Old-field,Lespedeza cuneata,Lespedeza cuneata,SP27,Visitation rates per plant of Lespedeza capitata,Visitation rate,Pollination,Lespedeza capitata,Lespedeza capitata,Woody/Non-woody,Non-woody,Similar,Zygomorphic,Zygomorphic,Similar,White/Cream,White/Cream,Similar,Insecta,Mixed,Figure 3b,Observational,Invaded vs Uninvaded,4,0.008,0.016,18,3.63,3.012274888
"Woods et al., 2012. Biological Invasions, 14: 1045-1059",10.1007/s10530-011-0138-0,2012,PR44,OBS181,CHT77,CHT76,39.16666667,-96.68333333,Non-tropical,North America,USA,Grassland,Lespedeza cuneata,Lespedeza cuneata,SP27,Visitation rates per plant of Lespedeza violacea,Visitation rate,Pollination,Lespedeza violacea,Lespedeza violacea,Woody/Non-woody,Non-woody,Similar,Zygomorphic,Zygomorphic,Similar,White/Cream,Pink/Purple,Dissimilar,Insecta,Mixed,Figure 3b,Observational,Invaded vs Uninvaded,3,0.01,0.010392305,4,0.42,0.12
"Woods et al., 2012. Biological Invasions, 14: 1045-1059",10.1007/s10530-011-0138-0,2012,PR44,OBS182,CHT78,CHT77,39.16666667,-96.68333333,Non-tropical,North America,USA,Grassland,Lespedeza cuneata,Lespedeza cuneata,SP27,Visitation rates per plant of Lespedeza virginica,Visitation rate,Pollination,Lespedeza virginica,Lespedeza virginica,Woody/Non-woody,Non-woody,Similar,Zygomorphic,Zygomorphic,Similar,White/Cream,Pink/Purple,Dissimilar,Insecta,Mixed,Figure 3b,Observational,Invaded vs Uninvaded,6,3.53,2.400499948,13,0.7,0.865332306
"Muñoz & Cavieres, 2008. Journal of Ecology, 96: 459-467",10.1111/j.1365-2745.2008.01361.x,2008,PR45,OBS183,CHT79,CHT78,-33.35,-70.26666667,Non-tropical,South America,Chile,Shrubland,Taraxacum officinale,Taraxacum sect. Taraxacum,SP63,Seed set of Hypochaeris thrincioides,Seed set,Pollination,Hypochaeris thrincioides,Hypochaeris apargioides,Non-woody,Non-woody,Similar,Actinomorphic,Actinomorphic,Similar,Yellow,Yellow,Similar,Insecta,Mixed,Figure 1,Observational,Invaded vs Uninvaded,6,62.99,16.60754046,6,52.54,26.28302494
"Muñoz & Cavieres, 2008. Journal of Ecology, 96: 459-467",10.1111/j.1365-2745.2008.01361.x,2008,PR45,OBS184,CHT80,CHT79,-33.35,-70.26666667,Non-tropical,South America,Chile,Shrubland,Taraxacum officinale,Taraxacum sect. Taraxacum,SP63,Seed set of Perezia carthamoides,Seed set,Pollination,Perezia carthamoides,Perezia carthamoides,Non-woody,Non-woody,Similar,Actinomorphic,Actinomorphic/Zygomorphic,Similar,Yellow,White,Dissimilar,Insecta,Mixed,Figure 1,Observational,Invaded vs Uninvaded,5,29.44,16.1444108,5,26.11,21.10848171
"Masters & Emery, 2015. Biological Invasions, 17: 2329-2337",10.1007/s10530-015-0878-3,2015,PR46,OBS185,CHT81,CHT80,38.243301,-85.69822,Non-tropical,North America,USA,Forest,Ranunculus ficaria,Ranunculus ficaria,SP47,Visits per flower over 15 minutes to Claytonia virginica,Visitation rate,Pollination,Claytonia virginica,Claytonia virginica ,Non-woody,Non-woody,Similar,Actinomorphic,Actinomorphic,Similar,Yellow,White/Pale pink,Dissimilar,Insecta,Mixed,Figure 2b,Observational,Invaded vs Uninvaded,10,0.23,0.917060521,14,0.05,0.074833148
"Masters & Emery, 2015. Biological Invasions, 17: 2329-2337",10.1007/s10530-015-0878-3,2015,PR46,OBS186,CHT81,CHT80,38.243301,-85.69822,Non-tropical,North America,USA,Forest,Ranunculus ficaria,Ranunculus ficaria,SP47,Seed per fruit pf Claytonia virginica,Seed set,Pollination,Claytonia virginica,Claytonia virginica ,Non-woody,Non-woody,Similar,Actinomorphic,Actinomorphic,Similar,Yellow,White/Pale pink,Dissimilar,Insecta,Mixed,Figure 4,Observational,Invaded vs Uninvaded,50,3.1,1.060660172,50,1.95,1.13137085
"Masters & Emery, 2015. Biological Invasions, 17: 2329-2337",10.1007/s10530-015-0878-3,2015,PR46,OBS187,CHT82,CHT81,38.243301,-85.69822,Non-tropical,North America,USA,Forest,Ranunculus ficaria,Ranunculus ficaria,SP47,Seed per fruit of Cardamine concatenata,Seed set,Pollination,Cardamine concatenata,Cardamine concatenata,Non-woody,Non-woody,Similar,Actinomorphic,Actinomorphic,Similar,Yellow,White/Light pink/Lavender,Dissimilar,Insecta,Mixed,Figure 4,Observational,Invaded vs Uninvaded,50,2.16,2.545584412,50,4.41,2.545584412
"Moron´ et al., 2009. Biological Conservation, 142: 1322-1332",10.1016/j.biocon.2008.12.036,2009,PR47,OBS188,CHT83,CHT82,50.05,19.93333333,Non-tropical,Europe,Poland,Grassland,"Solidago canadensis, Solidago gigantea","Solidago canadensis, Solidago gigantea",SP58,Pollinators abundance (Bees),Abundance,Pollinator,NA,NA,Non-woody,NA,,,NA,,Yellow,NA,,Insecta,Hymnoptera,Figure 2a,Observational,Invaded vs Uninvaded,70,1,0.920326029,70,7.44,4.685296149
"Moron´ et al., 2009. Biological Conservation, 142: 1322-1332",10.1016/j.biocon.2008.12.036,2009,PR47,OBS189,CHT83,CHT82,50.05,19.93333333,Non-tropical,Europe,Poland,Grassland,"Solidago canadensis, Solidago gigantea","Solidago canadensis, Solidago gigantea",SP58,Pollinators abundance (Butterflies),Abundance,Pollinator,NA,NA,Non-woody,NA,,,NA,,Yellow,NA,,Insecta,Lepidoptera,Figure 2a,Observational,Invaded vs Uninvaded,70,2.22,1.756986056,70,7.43,5.772954183
"Moron´ et al., 2009. Biological Conservation, 142: 1322-1332",10.1016/j.biocon.2008.12.036,2009,PR47,OBS190,CHT83,CHT82,50.05,19.93333333,Non-tropical,Europe,Poland,Grassland,"Solidago canadensis, Solidago gigantea","Solidago canadensis, Solidago gigantea",SP58,Pollinators abundance (Hoverflies),Abundance,Pollinator,NA,NA,Non-woody,NA,,,NA,,Yellow,NA,,Insecta,Diptera,Figure 2a,Observational,Invaded vs Uninvaded,20,0.41,0.268328157,20,2.56,12.56670203
"Moron´ et al., 2009. Biological Conservation, 142: 1322-1332",10.1016/j.biocon.2008.12.036,2009,PR47,OBS191,CHT83,CHT82,50.05,19.93333333,Non-tropical,Europe,Poland,Grassland,"Solidago canadensis, Solidago gigantea","Solidago canadensis, Solidago gigantea",SP58,Pollinator species richness (Bees),Richness,Pollinator,NA,NA,Non-woody,NA,,,NA,,Yellow,NA,,Insecta,Hymnoptera,Figure 2b,Observational,Invaded vs Uninvaded,70,0.83,7.864604249,70,4.41,1.924318061
"Moron´ et al., 2009. Biological Conservation, 142: 1322-1332",10.1016/j.biocon.2008.12.036,2009,PR47,OBS192,CHT83,CHT82,50.05,19.93333333,Non-tropical,Europe,Poland,Grassland,"Solidago canadensis, Solidago gigantea","Solidago canadensis, Solidago gigantea",SP58,Pollinator species richness (Butterflies),Richness,Pollinator,NA,NA,Non-woody,NA,,,NA,,Yellow,NA,,Insecta,Lepidoptera,Figure 2b,Observational,Invaded vs Uninvaded,70,1.81,1.422322045,70,5.14,3.513972111
"Moron´ et al., 2009. Biological Conservation, 142: 1322-1332",10.1016/j.biocon.2008.12.036,2009,PR47,OBS193,CHT83,CHT82,50.05,19.93333333,Non-tropical,Europe,Poland,Grassland,"Solidago canadensis, Solidago gigantea","Solidago canadensis, Solidago gigantea",SP58,Pollinator species richness (Hoverflies),Richness,Pollinator,NA,NA,Non-woody,NA,,,NA,,Yellow,NA,,Insecta,Diptera,Figure 2b,Observational,Invaded vs Uninvaded,20,0.37,0.268328157,20,1.75,0.715541753
"Moron´ et al., 2009. Biological Conservation, 142: 1322-1332",10.1016/j.biocon.2008.12.036,2009,PR47,OBS194,CHT83,CHT82,50.05,19.93333333,Non-tropical,Europe,Poland,Grassland,"Solidago canadensis, Solidago gigantea","Solidago canadensis, Solidago gigantea",SP58,Pollinator species diversity index (Bees),Diversity,Pollinator,NA,NA,Non-woody,NA,,,NA,,Yellow,NA,,Insecta,Hymnoptera,Figure 2c,Observational,Invaded vs Uninvaded,70,0.33,0.167332005,70,1,0.083666003
"Moron´ et al., 2009. Biological Conservation, 142: 1322-1332",10.1016/j.biocon.2008.12.036,2009,PR47,OBS195,CHT83,CHT82,50.05,19.93333333,Non-tropical,Europe,Poland,Grassland,"Solidago canadensis, Solidago gigantea","Solidago canadensis, Solidago gigantea",SP58,Pollinator species diversity index (Butterflies),Diversity,Pollinator,NA,NA,Non-woody,NA,,,NA,,Yellow,NA,,Insecta,Lepidoptera,Figure 2c,Observational,Invaded vs Uninvaded,70,0.61,0.585662019,70,1.47,0.585662019
"Moron´ et al., 2009. Biological Conservation, 142: 1322-1332",10.1016/j.biocon.2008.12.036,2009,PR47,OBS196,CHT83,CHT82,50.05,19.93333333,Non-tropical,Europe,Poland,Grassland,"Solidago canadensis, Solidago gigantea","Solidago canadensis, Solidago gigantea",SP58,Pollinator species diversity index (Hoverflies),Diversity,Pollinator,NA,NA,Non-woody,NA,,,NA,,Yellow,NA,,Insecta,Diptera,Figure 2c,Observational,Invaded vs Uninvaded,20,0.31,0.447213595,20,0.91,0.626099034
"Ghazoul, 2004. Biotropica, 36: 156-164",10.1111/j.1744-7429.2004.tb00308.x,2004,PR48,OBS197,CHT84,CHT83,15.6,99.33333333,Tropical,Asia,Thailand,Forest,Chromolaena odorata,Chromolaena odorata,SP15,Visits per minute to Dipterocarpus obtusifolius (Butterflies),Visitation rate,Pollination,Dipterocarpus obtusifolius,Dipterocarpus obtusifolius,Woody/Non-woody,Woody,Dissimilar,Actinomorphic,Actinomorphic,Similar,Blue,Pink,Dissimilar,Insecta,Lepidoptera,Table 2,Observational,High vs low,22,0.1,0.140712473,37,0.86,0.669103878
"Ghazoul, 2004. Biotropica, 36: 156-164",10.1111/j.1744-7429.2004.tb00308.x,2004,PR48,OBS198,CHT84,CHT83,15.6,99.33333333,Tropical,Asia,Thailand,Forest,Chromolaena odorata,Chromolaena odorata,SP15,Visits per minute to Dipterocarpus obtusifolius (Sunbirds),Visitation rate,Pollination,Dipterocarpus obtusifolius,Dipterocarpus obtusifolius,Woody/Non-woody,Woody,Dissimilar,Actinomorphic,Actinomorphic,Similar,Blue,Pink,Dissimilar,Aves,Passeriformes,Table 2,Observational,High vs low,22,0.16,0.18761663,37,0.02,0.121655251
"Ghazoul, 2004. Biotropica, 36: 156-164",10.1111/j.1744-7429.2004.tb00308.x,2004,PR48,OBS199,CHT84,CHT83,15.6,99.33333333,Tropical,Asia,Thailand,Forest,Chromolaena odorata,Chromolaena odorata,SP15,Visits per minute to Dipterocarpus obtusifolius (Leafbirds),Visitation rate,Pollination,Dipterocarpus obtusifolius,Dipterocarpus obtusifolius,Woody/Non-woody,Woody,Dissimilar,Actinomorphic,Actinomorphic,Similar,Blue,Pink,Dissimilar,Aves,Passeriformes,Table 2,Observational,High vs low,22,0.05,0.093808315,37,0.02,0.060827625
"Ghazoul, 2004. Biotropica, 36: 156-164",10.1111/j.1744-7429.2004.tb00308.x,2004,PR48,OBS200,CHT84,CHT83,15.6,99.33333333,Tropical,Asia,Thailand,Forest,Chromolaena odorata,Chromolaena odorata,SP15,Visits per minute to Dipterocarpus obtusifolius (Delias spp),Visitation rate,Pollination,Dipterocarpus obtusifolius,Dipterocarpus obtusifolius,Woody/Non-woody,Woody,Dissimilar,Actinomorphic,Actinomorphic,Similar,Blue,Pink,Dissimilar,Insecta,Lepidoptera,Table 2,Observational,High vs low,22,0.03,0.093808315,37,0.53,0.486621002
"Ghazoul, 2004. Biotropica, 36: 156-164",10.1111/j.1744-7429.2004.tb00308.x,2004,PR48,OBS201,CHT84,CHT83,15.6,99.33333333,Tropical,Asia,Thailand,Forest,Chromolaena odorata,Chromolaena odorata,SP15,Visits per minute to Dipterocarpus obtusifolius (Atrophaneura ahmoni),Visitation rate,Pollination,Dipterocarpus obtusifolius,Dipterocarpus obtusifolius,Woody/Non-woody,Woody,Dissimilar,Actinomorphic,Actinomorphic,Similar,Blue,Pink,Dissimilar,Insecta,Lepidoptera,Table 2,Observational,High vs low,22,0.004,0.018761663,37,0.17,0.182482876
"Ghazoul, 2004. Biotropica, 36: 156-164",10.1111/j.1744-7429.2004.tb00308.x,2004,PR48,OBS202,CHT84,CHT83,15.6,99.33333333,Tropical,Asia,Thailand,Forest,Chromolaena odorata,Chromolaena odorata,SP15,Abundznce of sphingid moths,Abundance,Pollinator,NA,NA,Woody/Non-woody,NA,,,NA,,Blue,NA,,Insecta,Lepidoptera,Table 3,Observational,High vs low,12,11,3.810511777,12,9.4,2.078460969
"Ghazoul, 2004. Biotropica, 36: 156-164",10.1111/j.1744-7429.2004.tb00308.x,2004,PR48,OBS203,CHT84,CHT83,15.6,99.33333333,Tropical,Asia,Thailand,Forest,Chromolaena odorata,Chromolaena odorata,SP15,Abundznce of all butterfly pollinators,Abundance,Pollinator,NA,NA,Woody/Non-woody,NA,,,NA,,Blue,NA,,Insecta,Lepidoptera,Table 4,Observational,High vs low,20,4,2.683281573,20,3.6,2.683281573
"Kandori et al., 2009. Oecologia 159, 559-569",10.1007/s00442-008-1250-4,2009,PR49,OBS204,CHT85,CHT84,34.6720949,35.7305119,Non-tropical,Asia,Japan,Forest,Taraxacum officinale,Taraxacum sect. Taraxacum,SP63,Seed set of Taraxacum japonicum,Seed set,Pollination,Taraxacum japonicum,Taraxacum japonicum,Non-woody,Non-woody,Similar,Actinomorphic,Actinomorphic,Similar,Yellow,Yellow,Similar,Insecta,Mixed,Figure 3,Experimental,Invaded vs Uninvaded,14,0.43,0.037416574,14,0.8,0.037416574
"Beans & Roach, 2015. American Journal of Botany, 102: 50-57",10.3732/ajb.1400385,2015,PR50,OBS205,CHT86,CHT85,42.4780928,-72.5804239,Non-tropical,North America,USA,Grassland,Impatiens glandulifera,Impatiens glandulifera,SP26,Seeds per fruit of Impatiens capensis,Seed set,Pollination,Impatiens capensis,Impatiens capensis,Non-woody,Non-woody,Similar,Zygomorphic,Zygomorphic,Similar,Purple,Orange,Dissimilar,Insecta,Mixed,Text,Experimental,Invaded vs Uninvaded,48,2.91,1.537636941,92,2.9,1.492580219
"Beans & Roach, 2015. American Journal of Botany, 102: 50-57",10.3732/ajb.1400385,2015,PR50,OBS206,CHT86,CHT85,42.4780928,-72.5804239,Non-tropical,North America,USA,Grassland,Impatiens glandulifera,Impatiens glandulifera,SP26,Number of Bumblebee visits,Number of visits,Pollination,Impatiens capensis,Impatiens capensis,Non-woody,Non-woody,Similar,Zygomorphic,Zygomorphic,Similar,Purple,Orange,Dissimilar,Insecta,Hymnoptera,Text,Experimental,Invaded vs Uninvaded,30,7.11,4.918325006,49,8.98,5.357142857
"Davis et al., 2018.  Biodiversity and Conservation, 27: 2069-2085",10.1007/s10531-018-1525-y,2018,PR51,OBS207,CHT87,CHT86,54.662251,-8.1268369,Non-tropical,Europe,Ireland,Riparain,Heracleum mantegazzianum,Heracleum mantegazzianum,SP24,Bumblebees abundance,Abundance,Pollinator,NA,NA,Non-woody,NA,,,NA,,White,NA,,Insecta,Hymnoptera,Raw data (Available at GitHub),Observational,Invaded vs Uninvaded,18,1.17,2.26,18,1.33,2.68
"Davis et al., 2018.  Biodiversity and Conservation, 27: 2069-2085",10.1007/s10531-018-1525-y,2018,PR51,OBS208,CHT87,CHT86,54.662251,-8.1268369,Non-tropical,Europe,Ireland,Riparain,Heracleum mantegazzianum,Heracleum mantegazzianum,SP24,Solitoty bee abundance,Abundance,Pollinator,NA,NA,Non-woody,NA,,,NA,,White,NA,,Insecta,Hymnoptera,Raw data (Available at GitHub),Observational,Invaded vs Uninvaded,18,0.17,0.51,18,0.89,2.05
"Davis et al., 2018.  Biodiversity and Conservation, 27: 2069-2085",10.1007/s10531-018-1525-y,2018,PR51,OBS209,CHT87,CHT86,54.662251,-8.1268369,Non-tropical,Europe,Ireland,Riparain,Heracleum mantegazzianum,Heracleum mantegazzianum,SP24,Hoverfly abundance,Abundance,Pollinator,NA,NA,Non-woody,NA,,,NA,,White,NA,,Insecta,Diptera,Raw data (Available at GitHub),Observational,Invaded vs Uninvaded,18,4.44,6.64,18,9.33,11.1
"Davis et al., 2018.  Biodiversity and Conservation, 27: 2069-2085",10.1007/s10531-018-1525-y,2018,PR51,OBS210,CHT87,CHT86,54.662251,-8.1268369,Non-tropical,Europe,Ireland,Riparain,Heracleum mantegazzianum,Heracleum mantegazzianum,SP24,Honeybee abundance,Abundance,Pollinator,NA,NA,Non-woody,NA,,,NA,,White,NA,,Insecta,Hymnoptera,Raw data (Available at GitHub),Observational,Invaded vs Uninvaded,18,0,0,18,0.06,0.24
"Davis et al., 2018.  Biodiversity and Conservation, 27: 2069-2085",10.1007/s10531-018-1525-y,2018,PR51,OBS211,CHT87,CHT86,54.662251,-8.1268369,Non-tropical,Europe,Ireland,Riparain,Heracleum mantegazzianum,Heracleum mantegazzianum,SP24,Bumblebees diversity,Diversity,Pollinator,NA,NA,Non-woody,NA,,,NA,,White,NA,,Insecta,Hymnoptera,Raw data (Available at GitHub),Observational,Invaded vs Uninvaded,18,0.1,0.23,18,0.06,0.18
"Davis et al., 2018.  Biodiversity and Conservation, 27: 2069-2085",10.1007/s10531-018-1525-y,2018,PR51,OBS212,CHT87,CHT86,54.662251,-8.1268369,Non-tropical,Europe,Ireland,Riparain,Heracleum mantegazzianum,Heracleum mantegazzianum,SP24,Solitoty bee diversity,Diversity,Pollinator,NA,NA,Non-woody,NA,,,NA,,White,NA,,Insecta,Hymnoptera,Raw data (Available at GitHub),Observational,Invaded vs Uninvaded,18,0.04,0.16,18,0.09,0.28
"Davis et al., 2018.  Biodiversity and Conservation, 27: 2069-2085",10.1007/s10531-018-1525-y,2018,PR51,OBS213,CHT87,CHT86,54.662251,-8.1268369,Non-tropical,Europe,Ireland,Riparain,Heracleum mantegazzianum,Heracleum mantegazzianum,SP24,Hoverfly diversity,Diversity,Pollinator,NA,NA,Non-woody,NA,,,NA,,White,NA,,Insecta,Diptera,Raw data (Available at GitHub),Observational,Invaded vs Uninvaded,18,0.53,0.47,18,0.49,0.44
"Davis et al., 2018.  Biodiversity and Conservation, 27: 2069-2085",10.1007/s10531-018-1525-y,2018,PR51,OBS214,CHT87,CHT86,54.662251,-8.1268369,Non-tropical,Europe,Ireland,Riparain,Heracleum mantegazzianum,Heracleum mantegazzianum,SP24,Bumblebees richness,Richness,Pollinator,NA,NA,Non-woody,NA,,,NA,,White,NA,,Insecta,Hymnoptera,Raw data (Available at GitHub),Observational,Invaded vs Uninvaded,18,0.5,0.79,18,0.39,0.7
"Davis et al., 2018.  Biodiversity and Conservation, 27: 2069-2085",10.1007/s10531-018-1525-y,2018,PR51,OBS215,CHT87,CHT86,54.662251,-8.1268369,Non-tropical,Europe,Ireland,Riparain,Heracleum mantegazzianum,Heracleum mantegazzianum,SP24,Solitoty bee richness,Richness,Pollinator,NA,NA,Non-woody,NA,,,NA,,White,NA,,Insecta,Hymnoptera,Raw data (Available at GitHub),Observational,Invaded vs Uninvaded,18,0.17,0.51,18,0.5,1.04
"Davis et al., 2018.  Biodiversity and Conservation, 27: 2069-2085",10.1007/s10531-018-1525-y,2018,PR51,OBS216,CHT87,CHT86,54.662251,-8.1268369,Non-tropical,Europe,Ireland,Riparain,Heracleum mantegazzianum,Heracleum mantegazzianum,SP24,Hoverfly richness,Richness,Pollinator,NA,NA,Non-woody,NA,,,NA,,White,NA,,Insecta,Diptera,Raw data (Available at GitHub),Observational,Invaded vs Uninvaded,18,0.53,0.47,18,1.94,1.47
"Davis et al., 2018.  Biodiversity and Conservation, 27: 2069-2085",10.1007/s10531-018-1525-y,2018,PR51,OBS217,CHT88,CHT87,54.662251,-8.1268369,Non-tropical,Europe,Ireland,Riparain,Impatiens glandulifera,Impatiens glandulifera,SP26,Bumblebees abundance,Abundance,Pollinator,NA,NA,Non-woody,NA,,Zygomorphic,NA,,Purple,NA,,Insecta,Hymnoptera,Raw data (Available at GitHub),Observational,Invaded vs Uninvaded,14,8.36,16.09,14,3.21,5.42
"Davis et al., 2018.  Biodiversity and Conservation, 27: 2069-2085",10.1007/s10531-018-1525-y,2018,PR51,OBS218,CHT88,CHT87,54.662251,-8.1268369,Non-tropical,Europe,Ireland,Riparain,Impatiens glandulifera,Impatiens glandulifera,SP26,Solitoty bee abundance,Abundance,Pollinator,NA,NA,Non-woody,NA,,Zygomorphic,NA,,Purple,NA,,Insecta,Hymnoptera,Raw data (Available at GitHub),Observational,Invaded vs Uninvaded,14,0.57,0.76,14,0.07,0.27
"Davis et al., 2018.  Biodiversity and Conservation, 27: 2069-2085",10.1007/s10531-018-1525-y,2018,PR51,OBS219,CHT88,CHT87,54.662251,-8.1268369,Non-tropical,Europe,Ireland,Riparain,Impatiens glandulifera,Impatiens glandulifera,SP26,Hoverfly abundance,Abundance,Pollinator,NA,NA,Non-woody,NA,,Zygomorphic,NA,,Purple,NA,,Insecta,Diptera,Raw data (Available at GitHub),Observational,Invaded vs Uninvaded,14,8.21,7.71,14,12.57,16.61
"Davis et al., 2018.  Biodiversity and Conservation, 27: 2069-2085",10.1007/s10531-018-1525-y,2018,PR51,OBS220,CHT88,CHT87,54.662251,-8.1268369,Non-tropical,Europe,Ireland,Riparain,Impatiens glandulifera,Impatiens glandulifera,SP26,Honeybee abundance,Abundance,Pollinator,NA,NA,Non-woody,NA,,Zygomorphic,NA,,Purple,NA,,Insecta,Hymnoptera,Raw data (Available at GitHub),Observational,Invaded vs Uninvaded,14,0.21,0.43,14,0.07,0.27
"Davis et al., 2018.  Biodiversity and Conservation, 27: 2069-2085",10.1007/s10531-018-1525-y,2018,PR51,OBS221,CHT88,CHT87,54.662251,-8.1268369,Non-tropical,Europe,Ireland,Riparain,Impatiens glandulifera,Impatiens glandulifera,SP26,Bumblebees diversity,Diversity,Pollinator,NA,NA,Non-woody,NA,,Zygomorphic,NA,,Purple,NA,,Insecta,Hymnoptera,Raw data (Available at GitHub),Observational,Invaded vs Uninvaded,14,0.46,0.45,14,0.28,0.47
"Davis et al., 2018.  Biodiversity and Conservation, 27: 2069-2085",10.1007/s10531-018-1525-y,2018,PR51,OBS222,CHT88,CHT87,54.662251,-8.1268369,Non-tropical,Europe,Ireland,Riparain,Impatiens glandulifera,Impatiens glandulifera,SP26,Solitoty bee diversity,Diversity,Pollinator,NA,NA,Non-woody,NA,,Zygomorphic,NA,,Purple,NA,,Insecta,Hymnoptera,Raw data (Available at GitHub),Observational,Invaded vs Uninvaded,14,0.05,0.19,14,0,0
"Davis et al., 2018.  Biodiversity and Conservation, 27: 2069-2085",10.1007/s10531-018-1525-y,2018,PR51,OBS223,CHT88,CHT87,54.662251,-8.1268369,Non-tropical,Europe,Ireland,Riparain,Impatiens glandulifera,Impatiens glandulifera,SP26,Hoverfly diversity,Diversity,Pollinator,NA,NA,Non-woody,NA,,Zygomorphic,NA,,Purple,NA,,Insecta,Diptera,Raw data (Available at GitHub),Observational,Invaded vs Uninvaded,14,0.83,0.66,14,0.48,0.47
"Davis et al., 2018.  Biodiversity and Conservation, 27: 2069-2085",10.1007/s10531-018-1525-y,2018,PR51,OBS224,CHT88,CHT87,54.662251,-8.1268369,Non-tropical,Europe,Ireland,Riparain,Impatiens glandulifera,Impatiens glandulifera,SP26,Bumblebees richness,Richness,Pollinator,NA,NA,Non-woody,NA,,Zygomorphic,NA,,Purple,NA,,Insecta,Hymnoptera,Raw data (Available at GitHub),Observational,Invaded vs Uninvaded,14,1.86,1.29,14,1.21,1.31
"Davis et al., 2018.  Biodiversity and Conservation, 27: 2069-2085",10.1007/s10531-018-1525-y,2018,PR51,OBS225,CHT88,CHT87,54.662251,-8.1268369,Non-tropical,Europe,Ireland,Riparain,Impatiens glandulifera,Impatiens glandulifera,SP26,Solitoty bee richness,Richness,Pollinator,NA,NA,Non-woody,NA,,Zygomorphic,NA,,Purple,NA,,Insecta,Hymnoptera,Raw data (Available at GitHub),Observational,Invaded vs Uninvaded,14,0.5,0.65,14,0.07,0.27
"Davis et al., 2018.  Biodiversity and Conservation, 27: 2069-2085",10.1007/s10531-018-1525-y,2018,PR51,OBS226,CHT88,CHT87,54.662251,-8.1268369,Non-tropical,Europe,Ireland,Riparain,Impatiens glandulifera,Impatiens glandulifera,SP26,Hoverfly richness,Richness,Pollinator,NA,NA,Non-woody,NA,,Zygomorphic,NA,,Purple,NA,,Insecta,Diptera,Raw data (Available at GitHub),Observational,Invaded vs Uninvaded,14,3.21,2.42,14,2.36,2.17
"Davis et al., 2018.  Biodiversity and Conservation, 27: 2069-2085",10.1007/s10531-018-1525-y,2018,PR51,OBS227,CHT89,CHT88,54.662251,-8.1268369,Non-tropical,Europe,Ireland,Riparain,Fallopia japonica,Reynoutria japonica,SP48,Bumblebees abundance,Abundance,Pollinator,NA,NA,Woody/Non-woody,NA,,,NA,,Creamy-white,NA,,Insecta,Hymnoptera,Raw data (Available at GitHub),Observational,Invaded vs Uninvaded,16,2,2.5,16,1.06,1.44
"Davis et al., 2018.  Biodiversity and Conservation, 27: 2069-2085",10.1007/s10531-018-1525-y,2018,PR51,OBS228,CHT89,CHT88,54.662251,-8.1268369,Non-tropical,Europe,Ireland,Riparain,Fallopia japonica,Reynoutria japonica,SP48,Solitoty bee abundance,Abundance,Pollinator,NA,NA,Woody/Non-woody,NA,,,NA,,Creamy-white,NA,,Insecta,Hymnoptera,Raw data (Available at GitHub),Observational,Invaded vs Uninvaded,16,0.38,1.02,16,0,0
"Davis et al., 2018.  Biodiversity and Conservation, 27: 2069-2085",10.1007/s10531-018-1525-y,2018,PR51,OBS229,CHT89,CHT88,54.662251,-8.1268369,Non-tropical,Europe,Ireland,Riparain,Fallopia japonica,Reynoutria japonica,SP48,Hoverfly abundance,Abundance,Pollinator,NA,NA,Woody/Non-woody,NA,,,NA,,Creamy-white,NA,,Insecta,Diptera,Raw data (Available at GitHub),Observational,Invaded vs Uninvaded,16,66.81,95.03,16,75.75,72.57
"Davis et al., 2018.  Biodiversity and Conservation, 27: 2069-2085",10.1007/s10531-018-1525-y,2018,PR51,OBS230,CHT89,CHT88,54.662251,-8.1268369,Non-tropical,Europe,Ireland,Riparain,Fallopia japonica,Reynoutria japonica,SP48,Honeybee abundance,Abundance,Pollinator,NA,NA,Woody/Non-woody,NA,,,NA,,Creamy-white,NA,,Insecta,Hymnoptera,Raw data (Available at GitHub),Observational,Invaded vs Uninvaded,16,0.44,1.26,16,0.19,0.4
"Davis et al., 2018.  Biodiversity and Conservation, 27: 2069-2085",10.1007/s10531-018-1525-y,2018,PR51,OBS231,CHT89,CHT88,54.662251,-8.1268369,Non-tropical,Europe,Ireland,Riparain,Fallopia japonica,Reynoutria japonica,SP48,Bumblebees diversity,Diversity,Pollinator,NA,NA,Woody/Non-woody,NA,,,NA,,Creamy-white,NA,,Insecta,Hymnoptera,Raw data (Available at GitHub),Observational,Invaded vs Uninvaded,16,0.16,0.3,16,0.2,0.31
"Davis et al., 2018.  Biodiversity and Conservation, 27: 2069-2085",10.1007/s10531-018-1525-y,2018,PR51,OBS232,CHT89,CHT88,54.662251,-8.1268369,Non-tropical,Europe,Ireland,Riparain,Fallopia japonica,Reynoutria japonica,SP48,Solitoty bee diversity,Diversity,Pollinator,NA,NA,Woody/Non-woody,NA,,,NA,,Creamy-white,NA,,Insecta,Hymnoptera,Raw data (Available at GitHub),Observational,Invaded vs Uninvaded,16,0.04,0.17,16,0,0
"Davis et al., 2018.  Biodiversity and Conservation, 27: 2069-2085",10.1007/s10531-018-1525-y,2018,PR51,OBS233,CHT89,CHT88,54.662251,-8.1268369,Non-tropical,Europe,Ireland,Riparain,Fallopia japonica,Reynoutria japonica,SP48,Hoverfly diversity,Diversity,Pollinator,NA,NA,Woody/Non-woody,NA,,,NA,,Creamy-white,NA,,Insecta,Diptera,Raw data (Available at GitHub),Observational,Invaded vs Uninvaded,16,1.35,0.49,16,0.93,0.47
"Davis et al., 2018.  Biodiversity and Conservation, 27: 2069-2085",10.1007/s10531-018-1525-y,2018,PR51,OBS234,CHT89,CHT88,54.662251,-8.1268369,Non-tropical,Europe,Ireland,Riparain,Fallopia japonica,Reynoutria japonica,SP48,Bumblebees richness,Richness,Pollinator,NA,NA,Woody/Non-woody,NA,,,NA,,Creamy-white,NA,,Insecta,Hymnoptera,Raw data (Available at GitHub),Observational,Invaded vs Uninvaded,16,0.94,0.93,16,0.75,0.93
"Davis et al., 2018.  Biodiversity and Conservation, 27: 2069-2085",10.1007/s10531-018-1525-y,2018,PR51,OBS235,CHT89,CHT88,54.662251,-8.1268369,Non-tropical,Europe,Ireland,Riparain,Fallopia japonica,Reynoutria japonica,SP48,Solitoty bee richness,Richness,Pollinator,NA,NA,Woody/Non-woody,NA,,,NA,,Creamy-white,NA,,Insecta,Hymnoptera,Raw data (Available at GitHub),Observational,Invaded vs Uninvaded,16,0.25,0.58,16,0,0
"Davis et al., 2018.  Biodiversity and Conservation, 27: 2069-2085",10.1007/s10531-018-1525-y,2018,PR51,OBS236,CHT89,CHT88,54.662251,-8.1268369,Non-tropical,Europe,Ireland,Riparain,Fallopia japonica,Reynoutria japonica,SP48,Hoverfly richness,Richness,Pollinator,NA,NA,Woody/Non-woody,NA,,,NA,,Creamy-white,NA,,Insecta,Diptera,Raw data (Available at GitHub),Observational,Invaded vs Uninvaded,16,8.06,3.82,16,7.06,3.62
"Gibson et al., 2013. Biological Conservation, 157: 196-203",10.1016/j.biocon.2012.07.011,2013,PR52,OBS237,CHT89,CHT88,-34.4735146,19.4491427,Non-tropical,Africa,South Africa,Shrubland,Acacia saligna,Acacia saligna,SP01,Visitation rate to Chrysanthemoides monilifera (Beetles),Visitation rate,Pollination,Chrysanthemoides monilifera,Osteospermum moniliferum,Woody,Woody,Similar,Actinomorphic,Actinomorphic,Similar,Yellow,Yellow,Similar,Insecta,Coleoptera,Raw data (Appendix B),Observational,Invaded vs Uninvaded,9,0.2,0.17,9,0.04,0.07
"Gibson et al., 2013. Biological Conservation, 157: 196-203",10.1016/j.biocon.2012.07.011,2013,PR52,OBS238,CHT89,CHT88,-34.4735146,19.4491427,Non-tropical,Africa,South Africa,Shrubland,Acacia saligna,Acacia saligna,SP01,Visitation rate to Chrysanthemoides monilifera (Fly),Visitation rate,Pollination,Chrysanthemoides monilifera,Osteospermum moniliferum,Woody,Woody,Similar,Actinomorphic,Actinomorphic,Similar,Yellow,Yellow,Similar,Insecta,Diptera,Raw data (Appendix B),Observational,Invaded vs Uninvaded,9,0.15,0.1,9,0,0
"Gibson et al., 2013. Biological Conservation, 157: 196-203",10.1016/j.biocon.2012.07.011,2013,PR52,OBS239,CHT89,CHT88,-34.4735146,19.4491427,Non-tropical,Africa,South Africa,Shrubland,Acacia saligna,Acacia saligna,SP01,Visitation rate to Chrysanthemoides monilifera (Honey bee),Visitation rate,Pollination,Chrysanthemoides monilifera,Osteospermum moniliferum,Woody,Woody,Similar,Actinomorphic,Actinomorphic,Similar,Yellow,Yellow,Similar,Insecta,Hymnoptera,Raw data (Appendix B),Observational,Invaded vs Uninvaded,9,0.14,0.11,9,0.06,0.12
"Gibson et al., 2013. Biological Conservation, 157: 196-203",10.1016/j.biocon.2012.07.011,2013,PR52,OBS240,CHT89,CHT88,-34.4735146,19.4491427,Non-tropical,Africa,South Africa,Shrubland,Acacia saligna,Acacia saligna,SP01,Visitation rate to Chrysanthemoides monilifera (Small bees),Visitation rate,Pollination,Chrysanthemoides monilifera,Osteospermum moniliferum,Woody,Woody,Similar,Actinomorphic,Actinomorphic,Similar,Yellow,Yellow,Similar,Insecta,Hymnoptera,Raw data (Appendix B),Observational,Invaded vs Uninvaded,9,0.07,0.08,9,0.01,0.03
"Gibson et al., 2013. Biological Conservation, 157: 196-203",10.1016/j.biocon.2012.07.011,2013,PR52,OBS241,CHT89,CHT88,-34.4735146,19.4491427,Non-tropical,Africa,South Africa,Shrubland,Acacia saligna,Acacia saligna,SP01,Visitation rate to Chrysanthemoides monilifera (Otherhymenoptera),Visitation rate,Pollination,Chrysanthemoides monilifera,Osteospermum moniliferum,Woody,Woody,Similar,Actinomorphic,Actinomorphic,Similar,Yellow,Yellow,Similar,Insecta,Hymnoptera,Raw data (Appendix B),Observational,Invaded vs Uninvaded,9,0.04,0.12,9,0.05,0.07
"Gibson et al., 2013. Biological Conservation, 157: 196-203",10.1016/j.biocon.2012.07.011,2013,PR52,OBS242,CHT89,CHT88,-34.4735146,19.4491427,Non-tropical,Africa,South Africa,Shrubland,Acacia saligna,Acacia saligna,SP01,Visitation rate to Chrysanthemoides monilifera (other insects),Visitation rate,Pollination,Chrysanthemoides monilifera,Osteospermum moniliferum,Woody,Woody,Similar,Actinomorphic,Actinomorphic,Similar,Yellow,Yellow,Similar,Insecta,Mixed,Raw data (Appendix B),Observational,Invaded vs Uninvaded,9,0.004,0.008,9,0,0
"Gibson et al., 2013. Biological Conservation, 157: 196-203",10.1016/j.biocon.2012.07.011,2013,PR52,OBS243,CHT90,CHT89,-34.4351981,19.4431292,Non-tropical,Africa,South Africa,Shrubland,Acacia saligna,Acacia saligna,SP01,Visitation rate to Cyphia volubilis (Fly),Visitation rate,Pollination,Cyphia volubilis,Cyphia volubilis,Woody,Non-woody,Dissimilar,Actinomorphic,Zygomorphic,Dissimilar,Yellow,White/Pale grey,Dissimilar,Insecta,Diptera,Raw data (Appendix B),Observational,Invaded vs Uninvaded,6,0.33,0.82,6,0,0
"Gibson et al., 2013. Biological Conservation, 157: 196-203",10.1016/j.biocon.2012.07.011,2013,PR52,OBS244,CHT90,CHT89,-34.4351981,19.4431292,Non-tropical,Africa,South Africa,Shrubland,Acacia saligna,Acacia saligna,SP01,Visitation rate to Cyphia volubilis (Small bees),Visitation rate,Pollination,Cyphia volubilis,Cyphia volubilis,Woody,Non-woody,Dissimilar,Actinomorphic,Zygomorphic,Dissimilar,Yellow,White/Pale grey,Dissimilar,Insecta,Hymnoptera,Raw data (Appendix B),Observational,Invaded vs Uninvaded,6,0.22,0.54,6,0,0
"Gibson et al., 2013. Biological Conservation, 157: 196-203",10.1016/j.biocon.2012.07.011,2013,PR52,OBS245,CHT90,CHT89,-34.4351981,19.4431292,Non-tropical,Africa,South Africa,Shrubland,Acacia saligna,Acacia saligna,SP01,Visitation rate to Cyphia volubilis (Other hymenoptera),Visitation rate,Pollination,Cyphia volubilis,Cyphia volubilis,Woody,Non-woody,Dissimilar,Actinomorphic,Zygomorphic,Dissimilar,Yellow,White/Pale grey,Dissimilar,Insecta,Hymnoptera,Raw data (Appendix B),Observational,Invaded vs Uninvaded,6,0,0,6,0.07,0.18
"Gibson et al., 2013. Biological Conservation, 157: 196-203",10.1016/j.biocon.2012.07.011,2013,PR52,OBS246,CHT90,CHT89,-34.4351981,19.4431292,Non-tropical,Africa,South Africa,Shrubland,Acacia saligna,Acacia saligna,SP01,Visitation rate to Cyphia volubilis (other insects),Visitation rate,Pollination,Cyphia volubilis,Cyphia volubilis,Woody,Non-woody,Dissimilar,Actinomorphic,Zygomorphic,Dissimilar,Yellow,White/Pale grey,Dissimilar,Insecta,Mixed,Raw data (Appendix B),Observational,Invaded vs Uninvaded,6,0.07,0.18,6,0,0
"Gibson et al., 2013. Biological Conservation, 157: 196-203",10.1016/j.biocon.2012.07.011,2013,PR52,OBS247,CHT91,CHT90,-33.5140054,18.4672839,Non-tropical,Africa,South Africa,Shrubland,Acacia saligna,Acacia saligna,SP01,Visitation rate to Dimorphotheca pluvialis (Beetles),Visitation rate,Pollination,Dimorphotheca pluvialis,Dimorphotheca pluvialis,Woody,Non-woody,Dissimilar,Actinomorphic,Actinomorphic,Similar,Yellow,Creamy white/Yellowish-orange/bluish-purple,Similar,Insecta,Coleoptera,Raw data (Appendix B),Observational,Invaded vs Uninvaded,3,1.25,1.33,3,0.007,0.012
"Gibson et al., 2013. Biological Conservation, 157: 196-203",10.1016/j.biocon.2012.07.011,2013,PR52,OBS248,CHT91,CHT90,-33.5140054,18.4672839,Non-tropical,Africa,South Africa,Shrubland,Acacia saligna,Acacia saligna,SP01,Visitation rate to Dimorphotheca pluvialis (Fly),Visitation rate,Pollination,Dimorphotheca pluvialis,Dimorphotheca pluvialis,Woody,Non-woody,Dissimilar,Actinomorphic,Actinomorphic,Similar,Yellow,Creamy white/Yellowish-orange/bluish-purple,Similar,Insecta,Diptera,Raw data (Appendix B),Observational,Invaded vs Uninvaded,3,0.26,0.34,3,0,0
"Gibson et al., 2013. Biological Conservation, 157: 196-203",10.1016/j.biocon.2012.07.011,2013,PR52,OBS249,CHT91,CHT90,-33.5140054,18.4672839,Non-tropical,Africa,South Africa,Shrubland,Acacia saligna,Acacia saligna,SP01,Visitation rate to Dimorphotheca pluvialis (Honey bee),Visitation rate,Pollination,Dimorphotheca pluvialis,Dimorphotheca pluvialis,Woody,Non-woody,Dissimilar,Actinomorphic,Actinomorphic,Similar,Yellow,Creamy white/Yellowish-orange/bluish-purple,Similar,Insecta,Hymnoptera,Raw data (Appendix B),Observational,Invaded vs Uninvaded,3,0.57,0.44,3,0.04,0.07
"Gibson et al., 2013. Biological Conservation, 157: 196-203",10.1016/j.biocon.2012.07.011,2013,PR52,OBS250,CHT91,CHT90,-33.5140054,18.4672839,Non-tropical,Africa,South Africa,Shrubland,Acacia saligna,Acacia saligna,SP01,Visitation rate to Dimorphotheca pluvialis (Small bees),Visitation rate,Pollination,Dimorphotheca pluvialis,Dimorphotheca pluvialis,Woody,Non-woody,Dissimilar,Actinomorphic,Actinomorphic,Similar,Yellow,Creamy white/Yellowish-orange/bluish-purple,Similar,Insecta,Hymnoptera,Raw data (Appendix B),Observational,Invaded vs Uninvaded,3,0.33,0.38,3,0.02,0.04
"Gibson et al., 2013. Biological Conservation, 157: 196-203",10.1016/j.biocon.2012.07.011,2013,PR52,OBS251,CHT91,CHT90,-33.5140054,18.4672839,Non-tropical,Africa,South Africa,Shrubland,Acacia saligna,Acacia saligna,SP01,Visitation rate to Dimorphotheca pluvialis (Otherhymenoptera),Visitation rate,Pollination,Dimorphotheca pluvialis,Dimorphotheca pluvialis,Woody,Non-woody,Dissimilar,Actinomorphic,Actinomorphic,Similar,Yellow,Creamy white/Yellowish-orange/bluish-purple,Similar,Insecta,Hymnoptera,Raw data (Appendix B),Observational,Invaded vs Uninvaded,3,0.65,0.91,3,0,0
"Gibson et al., 2013. Biological Conservation, 157: 196-203",10.1016/j.biocon.2012.07.011,2013,PR52,OBS252,CHT92,CHT91,-34.5567731,19.4569889,Non-tropical,Africa,South Africa,Shrubland,Acacia saligna,Acacia saligna,SP01,Visitation rate to Erica parviflora (Beetles),Visitation rate,Pollination,Erica parviflora,Erica parviflora,Woody,Woody,Similar,Actinomorphic,Actinomorphic,Similar,Yellow,Pink,Dissimilar,Insecta,Coleoptera,Raw data (Appendix B),Observational,Invaded vs Uninvaded,6,0.23,0.34,6,0.05,0.1
"Gibson et al., 2013. Biological Conservation, 157: 196-203",10.1016/j.biocon.2012.07.011,2013,PR52,OBS253,CHT92,CHT91,-34.5567731,19.4569889,Non-tropical,Africa,South Africa,Shrubland,Acacia saligna,Acacia saligna,SP01,Visitation rate to Erica parviflora (Fly),Visitation rate,Pollination,Erica parviflora,Erica parviflora,Woody,Woody,Similar,Actinomorphic,Actinomorphic,Similar,Yellow,Pink,Dissimilar,Insecta,Diptera,Raw data (Appendix B),Observational,Invaded vs Uninvaded,6,0.004,0.006,6,0.13,0.2
"Gibson et al., 2013. Biological Conservation, 157: 196-203",10.1016/j.biocon.2012.07.011,2013,PR52,OBS254,CHT92,CHT91,-34.5567731,19.4569889,Non-tropical,Africa,South Africa,Shrubland,Acacia saligna,Acacia saligna,SP01,Visitation rate to Erica parviflora (Honey bee),Visitation rate,Pollination,Erica parviflora,Erica parviflora,Woody,Woody,Similar,Actinomorphic,Actinomorphic,Similar,Yellow,Pink,Dissimilar,Insecta,Hymnoptera,Raw data (Appendix B),Observational,Invaded vs Uninvaded,6,0.07,0.1,6,0.04,0.08
"Gibson et al., 2013. Biological Conservation, 157: 196-203",10.1016/j.biocon.2012.07.011,2013,PR52,OBS255,CHT92,CHT91,-34.5567731,19.4569889,Non-tropical,Africa,South Africa,Shrubland,Acacia saligna,Acacia saligna,SP01,Visitation rate to Erica parviflora (Small bees),Visitation rate,Pollination,Erica parviflora,Erica parviflora,Woody,Woody,Similar,Actinomorphic,Actinomorphic,Similar,Yellow,Pink,Dissimilar,Insecta,Hymnoptera,Raw data (Appendix B),Observational,Invaded vs Uninvaded,6,0.07,0.07,6,0,0
"Gibson et al., 2013. Biological Conservation, 157: 196-203",10.1016/j.biocon.2012.07.011,2013,PR52,OBS256,CHT92,CHT91,-34.5567731,19.4569889,Non-tropical,Africa,South Africa,Shrubland,Acacia saligna,Acacia saligna,SP01,Visitation rate to Erica parviflora (Otherhymenoptera),Visitation rate,Pollination,Erica parviflora,Erica parviflora,Woody,Woody,Similar,Actinomorphic,Actinomorphic,Similar,Yellow,Pink,Dissimilar,Insecta,Hymnoptera,Raw data (Appendix B),Observational,Invaded vs Uninvaded,6,0.04,0.07,6,0.14,0.16
"Gibson et al., 2013. Biological Conservation, 157: 196-203",10.1016/j.biocon.2012.07.011,2013,PR52,OBS257,CHT92,CHT91,-34.5567731,19.4569889,Non-tropical,Africa,South Africa,Shrubland,Acacia saligna,Acacia saligna,SP01,Visitation rate to Erica parviflora (other insects),Visitation rate,Pollination,Erica parviflora,Erica parviflora,Woody,Woody,Similar,Actinomorphic,Actinomorphic,Similar,Yellow,Pink,Dissimilar,Insecta,Mixed,Raw data (Appendix B),Observational,Invaded vs Uninvaded,6,0.09,0.06,6,0.13,0.2
"Gibson et al., 2013. Biological Conservation, 157: 196-203",10.1016/j.biocon.2012.07.011,2013,PR52,OBS258,CHT93,CHT92,-34.4351981,19.4431292,Non-tropical,Africa,South Africa,Shrubland,Acacia saligna,Acacia saligna,SP01,Visitation rate to Erica imbricata (Beetles),Visitation rate,Pollination,Erica imbricata,Erica imbricata,Woody,Woody,Similar,Actinomorphic,Actinomorphic,Similar,Yellow,Pink,Dissimilar,Insecta,Coleoptera,Raw data (Appendix B),Observational,Invaded vs Uninvaded,6,0.24,0.5,6,0.01,0.01
"Gibson et al., 2013. Biological Conservation, 157: 196-203",10.1016/j.biocon.2012.07.011,2013,PR52,OBS259,CHT93,CHT92,-34.4351981,19.4431292,Non-tropical,Africa,South Africa,Shrubland,Acacia saligna,Acacia saligna,SP01,Visitation rate to Erica imbricata (Fly),Visitation rate,Pollination,Erica imbricata,Erica imbricata,Woody,Woody,Similar,Actinomorphic,Actinomorphic,Similar,Yellow,Pink,Dissimilar,Insecta,Diptera,Raw data (Appendix B),Observational,Invaded vs Uninvaded,6,0.002,0.005,6,0,0
"Gibson et al., 2013. Biological Conservation, 157: 196-203",10.1016/j.biocon.2012.07.011,2013,PR52,OBS260,CHT93,CHT92,-34.4351981,19.4431292,Non-tropical,Africa,South Africa,Shrubland,Acacia saligna,Acacia saligna,SP01,Visitation rate to Erica imbricata (Small bees),Visitation rate,Pollination,Erica imbricata,Erica imbricata,Woody,Woody,Similar,Actinomorphic,Actinomorphic,Similar,Yellow,Pink,Dissimilar,Insecta,Hymnoptera,Raw data (Appendix B),Observational,Invaded vs Uninvaded,6,0.006,0.013,6,0,0
"Gibson et al., 2013. Biological Conservation, 157: 196-203",10.1016/j.biocon.2012.07.011,2013,PR52,OBS261,CHT93,CHT92,-34.4351981,19.4431292,Non-tropical,Africa,South Africa,Shrubland,Acacia saligna,Acacia saligna,SP01,Visitation rate to Erica imbricata (Otherhymenoptera),Visitation rate,Pollination,Erica imbricata,Erica imbricata,Woody,Woody,Similar,Actinomorphic,Actinomorphic,Similar,Yellow,Pink,Dissimilar,Insecta,Hymnoptera,Raw data (Appendix B),Observational,Invaded vs Uninvaded,6,0,0,6,0.01,0.02
"Gibson et al., 2013. Biological Conservation, 157: 196-203",10.1016/j.biocon.2012.07.011,2013,PR52,OBS262,CHT93,CHT92,-34.4351981,19.4431292,Non-tropical,Africa,South Africa,Shrubland,Acacia saligna,Acacia saligna,SP01,Visitation rate to Erica imbricata (other insects),Visitation rate,Pollination,Erica imbricata,Erica imbricata,Woody,Woody,Similar,Actinomorphic,Actinomorphic,Similar,Yellow,Pink,Dissimilar,Insecta,Mixed,Raw data (Appendix B),Observational,Invaded vs Uninvaded,6,0.006,0.01,6,0.24,0.5
"Gibson et al., 2013. Biological Conservation, 157: 196-203",10.1016/j.biocon.2012.07.011,2013,PR52,OBS263,CHT94,CHT93,-34.5567731,19.4569889,Non-tropical,Africa,South Africa,Shrubland,Acacia saligna,Acacia saligna,SP01,Visitation rate to Leucospermum patersonii (Beetles),Visitation rate,Pollination,Leucospermum patersonii,Leucospermum patersonii,Woody,Woody,Similar,Actinomorphic,Actinomorphic,Similar,Yellow,Orange,Dissimilar,Insecta,Coleoptera,Raw data (Appendix B),Observational,Invaded vs Uninvaded,6,2.31,1.33,6,0.04,0.1
"Gibson et al., 2013. Biological Conservation, 157: 196-203",10.1016/j.biocon.2012.07.011,2013,PR52,OBS264,CHT94,CHT93,-34.5567731,19.4569889,Non-tropical,Africa,South Africa,Shrubland,Acacia saligna,Acacia saligna,SP01,Visitation rate to Leucospermum patersonii (Fly),Visitation rate,Pollination,Leucospermum patersonii,Leucospermum patersonii,Woody,Woody,Similar,Actinomorphic,Actinomorphic,Similar,Yellow,Orange,Dissimilar,Insecta,Diptera,Raw data (Appendix B),Observational,Invaded vs Uninvaded,6,0.22,0.15,6,0.01,0.02
"Gibson et al., 2013. Biological Conservation, 157: 196-203",10.1016/j.biocon.2012.07.011,2013,PR52,OBS265,CHT94,CHT93,-34.5567731,19.4569889,Non-tropical,Africa,South Africa,Shrubland,Acacia saligna,Acacia saligna,SP01,Visitation rate to Leucospermum patersonii (Honey bee),Visitation rate,Pollination,Leucospermum patersonii,Leucospermum patersonii,Woody,Woody,Similar,Actinomorphic,Actinomorphic,Similar,Yellow,Orange,Dissimilar,Insecta,Hymnoptera,Raw data (Appendix B),Observational,Invaded vs Uninvaded,6,0.04,0.07,6,1.43,2.03
"Gibson et al., 2013. Biological Conservation, 157: 196-203",10.1016/j.biocon.2012.07.011,2013,PR52,OBS266,CHT94,CHT93,-34.5567731,19.4569889,Non-tropical,Africa,South Africa,Shrubland,Acacia saligna,Acacia saligna,SP01,Visitation rate to Leucospermum patersonii (Small bees),Visitation rate,Pollination,Leucospermum patersonii,Leucospermum patersonii,Woody,Woody,Similar,Actinomorphic,Actinomorphic,Similar,Yellow,Orange,Dissimilar,Insecta,Hymnoptera,Raw data (Appendix B),Observational,Invaded vs Uninvaded,6,0.02,0.06,6,0.04,0.07
"Gibson et al., 2013. Biological Conservation, 157: 196-203",10.1016/j.biocon.2012.07.011,2013,PR52,OBS267,CHT94,CHT93,-34.5567731,19.4569889,Non-tropical,Africa,South Africa,Shrubland,Acacia saligna,Acacia saligna,SP01,Visitation rate to Leucospermum patersonii (Otherhymenoptera),Visitation rate,Pollination,Leucospermum patersonii,Leucospermum patersonii,Woody,Woody,Similar,Actinomorphic,Actinomorphic,Similar,Yellow,Orange,Dissimilar,Insecta,Hymnoptera,Raw data (Appendix B),Observational,Invaded vs Uninvaded,6,0.36,0.39,6,0.81,1.31
"Gibson et al., 2013. Biological Conservation, 157: 196-203",10.1016/j.biocon.2012.07.011,2013,PR52,OBS268,CHT94,CHT93,-34.5567731,19.4569889,Non-tropical,Africa,South Africa,Shrubland,Acacia saligna,Acacia saligna,SP01,Visitation rate to Leucospermum patersonii (other insects),Visitation rate,Pollination,Leucospermum patersonii,Leucospermum patersonii,Woody,Woody,Similar,Actinomorphic,Actinomorphic,Similar,Yellow,Orange,Dissimilar,Insecta,Mixed,Raw data (Appendix B),Observational,Invaded vs Uninvaded,6,0.77,1.33,6,1.87,1.11
"Gibson et al., 2013. Biological Conservation, 157: 196-203",10.1016/j.biocon.2012.07.011,2013,PR52,OBS269,CHT95,CHT94,-34.4351981,19.4431292,Non-tropical,Africa,South Africa,Shrubland,Acacia saligna,Acacia saligna,SP01,Visitation rate to Mimetes cucullatus (Beetles),Visitation rate,Pollination,Mimetes cucullatus,Mimetes cucullatus,Woody,Woody,Similar,Actinomorphic,Actinomorphic,Similar,Yellow,Red/White/Cream,Dissimilar,Insecta,Coleoptera,Raw data (Appendix B),Observational,Invaded vs Uninvaded,6,1.16,0.85,6,0,0
"Gibson et al., 2013. Biological Conservation, 157: 196-203",10.1016/j.biocon.2012.07.011,2013,PR52,OBS270,CHT95,CHT94,-34.4351981,19.4431292,Non-tropical,Africa,South Africa,Shrubland,Acacia saligna,Acacia saligna,SP01,Visitation rate to Mimetes cucullatus (Fly),Visitation rate,Pollination,Mimetes cucullatus,Mimetes cucullatus,Woody,Woody,Similar,Actinomorphic,Actinomorphic,Similar,Yellow,Red/White/Cream,Dissimilar,Insecta,Diptera,Raw data (Appendix B),Observational,Invaded vs Uninvaded,6,0,0,6,0.22,0.54
"Gibson et al., 2013. Biological Conservation, 157: 196-203",10.1016/j.biocon.2012.07.011,2013,PR52,OBS271,CHT95,CHT94,-34.4351981,19.4431292,Non-tropical,Africa,South Africa,Shrubland,Acacia saligna,Acacia saligna,SP01,Visitation rate to Mimetes cucullatus (Honey bee),Visitation rate,Pollination,Mimetes cucullatus,Mimetes cucullatus,Woody,Woody,Similar,Actinomorphic,Actinomorphic,Similar,Yellow,Red/White/Cream,Dissimilar,Insecta,Hymnoptera,Raw data (Appendix B),Observational,Invaded vs Uninvaded,6,0.35,0.42,6,1.42,2.46
"Gibson et al., 2013. Biological Conservation, 157: 196-203",10.1016/j.biocon.2012.07.011,2013,PR52,OBS272,CHT95,CHT94,-34.4351981,19.4431292,Non-tropical,Africa,South Africa,Shrubland,Acacia saligna,Acacia saligna,SP01,Visitation rate to Mimetes cucullatus (Small bees),Visitation rate,Pollination,Mimetes cucullatus,Mimetes cucullatus,Woody,Woody,Similar,Actinomorphic,Actinomorphic,Similar,Yellow,Red/White/Cream,Dissimilar,Insecta,Hymnoptera,Raw data (Appendix B),Observational,Invaded vs Uninvaded,6,0.33,0.82,6,0.53,0.65
"Gibson et al., 2013. Biological Conservation, 157: 196-203",10.1016/j.biocon.2012.07.011,2013,PR52,OBS273,CHT95,CHT94,-34.4351981,19.4431292,Non-tropical,Africa,South Africa,Shrubland,Acacia saligna,Acacia saligna,SP01,Visitation rate to Mimetes cucullatus (Otherhymenoptera),Visitation rate,Pollination,Mimetes cucullatus,Mimetes cucullatus,Woody,Woody,Similar,Actinomorphic,Actinomorphic,Similar,Yellow,Red/White/Cream,Dissimilar,Insecta,Hymnoptera,Raw data (Appendix B),Observational,Invaded vs Uninvaded,6,0.06,0.14,6,0,0
"Gibson et al., 2013. Biological Conservation, 157: 196-203",10.1016/j.biocon.2012.07.011,2013,PR52,OBS274,CHT95,CHT94,-34.4351981,19.4431292,Non-tropical,Africa,South Africa,Shrubland,Acacia saligna,Acacia saligna,SP01,Visitation rate to Mimetes cucullatus (other insects),Visitation rate,Pollination,Mimetes cucullatus,Mimetes cucullatus,Woody,Woody,Similar,Actinomorphic,Actinomorphic,Similar,Yellow,Red/White/Cream,Dissimilar,Insecta,Mixed,Raw data (Appendix B),Observational,Invaded vs Uninvaded,6,0,0,6,0.22,0.54
"Gibson et al., 2013. Biological Conservation, 157: 196-203",10.1016/j.biocon.2012.07.011,2013,PR52,OBS275,CHT96,CHT95,-34.4735146,19.4491427,Non-tropical,Africa,South Africa,Shrubland,Acacia saligna,Acacia saligna,SP01,Visitation rate to Muraltia satureioides (Beetles),Visitation rate,Pollination,Muraltia satureioides,Muraltia saturejoides,Woody,Woody,Similar,Actinomorphic,Zygomorphic,Dissimilar,Yellow,Purple/Pink/White/Mauve/lilac,Dissimilar,Insecta,Coleoptera,Raw data (Appendix B),Observational,Invaded vs Uninvaded,9,0.06,0.11,9,0,0
"Gibson et al., 2013. Biological Conservation, 157: 196-203",10.1016/j.biocon.2012.07.011,2013,PR52,OBS276,CHT96,CHT95,-34.4735146,19.4491427,Non-tropical,Africa,South Africa,Shrubland,Acacia saligna,Acacia saligna,SP01,Visitation rate to Muraltia satureioides (Fly),Visitation rate,Pollination,Muraltia satureioides,Muraltia saturejoides,Woody,Woody,Similar,Actinomorphic,Zygomorphic,Dissimilar,Yellow,Purple/Pink/White/Mauve/lilac,Dissimilar,Insecta,Diptera,Raw data (Appendix B),Observational,Invaded vs Uninvaded,9,0.02,0.05,9,0,0
"Gibson et al., 2013. Biological Conservation, 157: 196-203",10.1016/j.biocon.2012.07.011,2013,PR52,OBS277,CHT96,CHT95,-34.4735146,19.4491427,Non-tropical,Africa,South Africa,Shrubland,Acacia saligna,Acacia saligna,SP01,Visitation rate to Muraltia satureioides (Honey bee),Visitation rate,Pollination,Muraltia satureioides,Muraltia saturejoides,Woody,Woody,Similar,Actinomorphic,Zygomorphic,Dissimilar,Yellow,Purple/Pink/White/Mauve/lilac,Dissimilar,Insecta,Hymnoptera,Raw data (Appendix B),Observational,Invaded vs Uninvaded,9,0.003,0.006,9,0.007,0.012
"Gibson et al., 2013. Biological Conservation, 157: 196-203",10.1016/j.biocon.2012.07.011,2013,PR52,OBS278,CHT96,CHT95,-34.4735146,19.4491427,Non-tropical,Africa,South Africa,Shrubland,Acacia saligna,Acacia saligna,SP01,Visitation rate to Muraltia satureioides (Small bees),Visitation rate,Pollination,Muraltia satureioides,Muraltia saturejoides,Woody,Woody,Similar,Actinomorphic,Zygomorphic,Dissimilar,Yellow,Purple/Pink/White/Mauve/lilac,Dissimilar,Insecta,Hymnoptera,Raw data (Appendix B),Observational,Invaded vs Uninvaded,9,0.04,0.08,9,0.05,0.1
"Gibson et al., 2013. Biological Conservation, 157: 196-203",10.1016/j.biocon.2012.07.011,2013,PR52,OBS279,CHT96,CHT95,-34.4735146,19.4491427,Non-tropical,Africa,South Africa,Shrubland,Acacia saligna,Acacia saligna,SP01,Visitation rate to Muraltia satureioides (Otherhymenoptera),Visitation rate,Pollination,Muraltia satureioides,Muraltia saturejoides,Woody,Woody,Similar,Actinomorphic,Zygomorphic,Dissimilar,Yellow,Purple/Pink/White/Mauve/lilac,Dissimilar,Insecta,Hymnoptera,Raw data (Appendix B),Observational,Invaded vs Uninvaded,9,0.01,0.02,9,0,0
"Gibson et al., 2013. Biological Conservation, 157: 196-203",10.1016/j.biocon.2012.07.011,2013,PR52,OBS280,CHT97,CHT96,-34.5567731,19.4569889,Non-tropical,Africa,South Africa,Shrubland,Acacia saligna,Acacia saligna,SP01,Visitation rate to Pelargonium betulinum (Beetles),Visitation rate,Pollination,Pelargonium betulinum,Pelargonium betulinum,Woody,Woody,Similar,Actinomorphic,Zygomorphic,Dissimilar,Yellow,White,Dissimilar,Insecta,Coleoptera,Raw data (Appendix B),Observational,Invaded vs Uninvaded,6,0.69,1.11,6,0.03,0.07
"Gibson et al., 2013. Biological Conservation, 157: 196-203",10.1016/j.biocon.2012.07.011,2013,PR52,OBS281,CHT97,CHT96,-34.5567731,19.4569889,Non-tropical,Africa,South Africa,Shrubland,Acacia saligna,Acacia saligna,SP01,Visitation rate to Pelargonium betulinum (Fly),Visitation rate,Pollination,Pelargonium betulinum,Pelargonium betulinum,Woody,Woody,Similar,Actinomorphic,Zygomorphic,Dissimilar,Yellow,White,Dissimilar,Insecta,Diptera,Raw data (Appendix B),Observational,Invaded vs Uninvaded,6,0.16,0.39,6,0.04,0.06
"Gibson et al., 2013. Biological Conservation, 157: 196-203",10.1016/j.biocon.2012.07.011,2013,PR52,OBS282,CHT97,CHT96,-34.5567731,19.4569889,Non-tropical,Africa,South Africa,Shrubland,Acacia saligna,Acacia saligna,SP01,Visitation rate to Pelargonium betulinum (Small bees),Visitation rate,Pollination,Pelargonium betulinum,Pelargonium betulinum,Woody,Woody,Similar,Actinomorphic,Zygomorphic,Dissimilar,Yellow,White,Dissimilar,Insecta,Hymnoptera,Raw data (Appendix B),Observational,Invaded vs Uninvaded,6,0,0,6,0.22,0.54
"Gibson et al., 2013. Biological Conservation, 157: 196-203",10.1016/j.biocon.2012.07.011,2013,PR52,OBS283,CHT97,CHT96,-34.5567731,19.4569889,Non-tropical,Africa,South Africa,Shrubland,Acacia saligna,Acacia saligna,SP01,Visitation rate to Pelargonium betulinum (Otherhymenoptera),Visitation rate,Pollination,Pelargonium betulinum,Pelargonium betulinum,Woody,Woody,Similar,Actinomorphic,Zygomorphic,Dissimilar,Yellow,White,Dissimilar,Insecta,Hymnoptera,Raw data (Appendix B),Observational,Invaded vs Uninvaded,6,0.08,0.14,6,0.41,0.83
"Gibson et al., 2013. Biological Conservation, 157: 196-203",10.1016/j.biocon.2012.07.011,2013,PR52,OBS284,CHT97,CHT96,-34.5567731,19.4569889,Non-tropical,Africa,South Africa,Shrubland,Acacia saligna,Acacia saligna,SP01,Visitation rate to Pelargonium betulinum (other insects),Visitation rate,Pollination,Pelargonium betulinum,Pelargonium betulinum,Woody,Woody,Similar,Actinomorphic,Zygomorphic,Dissimilar,Yellow,White,Dissimilar,Insecta,Mixed,Raw data (Appendix B),Observational,Invaded vs Uninvaded,6,0.38,0.77,6,0.39,0.56
"Gibson et al., 2013. Biological Conservation, 157: 196-203",10.1016/j.biocon.2012.07.011,2013,PR52,OBS285,CHT98,CHT97,-33.5140054,18.4672839,Non-tropical,Africa,South Africa,Shrubland,Acacia saligna,Acacia saligna,SP01,Visitation rate to Polycarena lilacina (Beetles),Visitation rate,Pollination,Polycarena lilacina,Polycarena lilacina,Woody,Non-woody,Dissimilar,Actinomorphic,Zygomorphic,Dissimilar,Yellow,White/Pink/Purple,Dissimilar,Insecta,Coleoptera,Raw data (Appendix B),Observational,Invaded vs Uninvaded,3,0.03,0.03,3,0,0
"Gibson et al., 2013. Biological Conservation, 157: 196-203",10.1016/j.biocon.2012.07.011,2013,PR52,OBS286,CHT98,CHT97,-33.5140054,18.4672839,Non-tropical,Africa,South Africa,Shrubland,Acacia saligna,Acacia saligna,SP01,Visitation rate to Polycarena lilacina (Fly),Visitation rate,Pollination,Polycarena lilacina,Polycarena lilacina,Woody,Non-woody,Dissimilar,Actinomorphic,Zygomorphic,Dissimilar,Yellow,White/Pink/Purple,Dissimilar,Insecta,Diptera,Raw data (Appendix B),Observational,Invaded vs Uninvaded,3,0.09,0.13,3,0,0
"Gibson et al., 2013. Biological Conservation, 157: 196-203",10.1016/j.biocon.2012.07.011,2013,PR52,OBS287,CHT98,CHT97,-33.5140054,18.4672839,Non-tropical,Africa,South Africa,Shrubland,Acacia saligna,Acacia saligna,SP01,Visitation rate to Polycarena lilacina (Honey bee),Visitation rate,Pollination,Polycarena lilacina,Polycarena lilacina,Woody,Non-woody,Dissimilar,Actinomorphic,Zygomorphic,Dissimilar,Yellow,White/Pink/Purple,Dissimilar,Insecta,Hymnoptera,Raw data (Appendix B),Observational,Invaded vs Uninvaded,3,0.01,0.01,3,0,0
"Gibson et al., 2013. Biological Conservation, 157: 196-203",10.1016/j.biocon.2012.07.011,2013,PR52,OBS288,CHT98,CHT97,-33.5140054,18.4672839,Non-tropical,Africa,South Africa,Shrubland,Acacia saligna,Acacia saligna,SP01,Visitation rate to Polycarena lilacina (Small bees),Visitation rate,Pollination,Polycarena lilacina,Polycarena lilacina,Woody,Non-woody,Dissimilar,Actinomorphic,Zygomorphic,Dissimilar,Yellow,White/Pink/Purple,Dissimilar,Insecta,Hymnoptera,Raw data (Appendix B),Observational,Invaded vs Uninvaded,3,0.03,0.03,3,0,0
"Gibson et al., 2013. Biological Conservation, 157: 196-203",10.1016/j.biocon.2012.07.011,2013,PR52,OBS289,CHT98,CHT97,-33.5140054,18.4672839,Non-tropical,Africa,South Africa,Shrubland,Acacia saligna,Acacia saligna,SP01,Visitation rate to Polycarena lilacina (Otherhymenoptera),Visitation rate,Pollination,Polycarena lilacina,Polycarena lilacina,Woody,Non-woody,Dissimilar,Actinomorphic,Zygomorphic,Dissimilar,Yellow,White/Pink/Purple,Dissimilar,Insecta,Hymnoptera,Raw data (Appendix B),Observational,Invaded vs Uninvaded,3,0.02,0.02,3,0,0
"Gibson et al., 2013. Biological Conservation, 157: 196-203",10.1016/j.biocon.2012.07.011,2013,PR52,OBS290,CHT99,CHT98,-34.4735146,19.4491427,Non-tropical,Africa,South Africa,Shrubland,Acacia saligna,Acacia saligna,SP01,Visitation rate to Roepera fulva (Beetles),Visitation rate,Pollination,Roepera fulva,Roepera fulva,Woody,Woody,Similar,Actinomorphic,Actinomorphic,Similar,Yellow,Yellow,Similar,Insecta,Mixed,Raw data (Appendix B),Observational,Invaded vs Uninvaded,9,1.14,0.92,9,0.05,0.11
"Gibson et al., 2013. Biological Conservation, 157: 196-203",10.1016/j.biocon.2012.07.011,2013,PR52,OBS291,CHT99,CHT98,-34.4735146,19.4491427,Non-tropical,Africa,South Africa,Shrubland,Acacia saligna,Acacia saligna,SP01,Visitation rate to Roepera fulva (Fly),Visitation rate,Pollination,Roepera fulva,Roepera fulva,Woody,Woody,Similar,Actinomorphic,Actinomorphic,Similar,Yellow,Yellow,Similar,Insecta,Mixed,Raw data (Appendix B),Observational,Invaded vs Uninvaded,9,0.05,0.11,9,0.08,0.14
"Gibson et al., 2013. Biological Conservation, 157: 196-203",10.1016/j.biocon.2012.07.011,2013,PR52,OBS292,CHT99,CHT98,-34.4735146,19.4491427,Non-tropical,Africa,South Africa,Shrubland,Acacia saligna,Acacia saligna,SP01,Visitation rate to Roepera fulva (Honey bee),Visitation rate,Pollination,Roepera fulva,Roepera fulva,Woody,Woody,Similar,Actinomorphic,Actinomorphic,Similar,Yellow,Yellow,Similar,Insecta,Mixed,Raw data (Appendix B),Observational,Invaded vs Uninvaded,9,0.04,0.06,9,4.00E-04,0.001
"Gibson et al., 2013. Biological Conservation, 157: 196-203",10.1016/j.biocon.2012.07.011,2013,PR52,OBS293,CHT99,CHT98,-34.4735146,19.4491427,Non-tropical,Africa,South Africa,Shrubland,Acacia saligna,Acacia saligna,SP01,Visitation rate to Roepera fulva (Small bees),Visitation rate,Pollination,Roepera fulva,Roepera fulva,Woody,Woody,Similar,Actinomorphic,Actinomorphic,Similar,Yellow,Yellow,Similar,Insecta,Mixed,Raw data (Appendix B),Observational,Invaded vs Uninvaded,9,0.11,0.22,9,0.03,0.08
"Gibson et al., 2013. Biological Conservation, 157: 196-203",10.1016/j.biocon.2012.07.011,2013,PR52,OBS294,CHT99,CHT98,-34.4735146,19.4491427,Non-tropical,Africa,South Africa,Shrubland,Acacia saligna,Acacia saligna,SP01,Visitation rate to  Roepera fulva (Otherhymenoptera),Visitation rate,Pollination,Roepera fulva,Roepera fulva,Woody,Woody,Similar,Actinomorphic,Actinomorphic,Similar,Yellow,Yellow,Similar,Insecta,Mixed,Raw data (Appendix B),Observational,Invaded vs Uninvaded,9,0.03,0.03,9,0.23,0.21
"Gibson et al., 2013. Biological Conservation, 157: 196-203",10.1016/j.biocon.2012.07.011,2013,PR52,OBS295,CHT99,CHT98,-34.4735146,19.4491427,Non-tropical,Africa,South Africa,Shrubland,Acacia saligna,Acacia saligna,SP01,Visitation rate to Roepera fulva (other insects),Visitation rate,Pollination,Roepera fulva,Roepera fulva,Woody,Woody,Similar,Actinomorphic,Actinomorphic,Similar,Yellow,Yellow,Similar,Insecta,Mixed,Raw data (Appendix B),Observational,Invaded vs Uninvaded,9,0.18,0.22,9,1.03,0.9
"Gibson et al., 2013. Biological Conservation, 157: 196-203",10.1016/j.biocon.2012.07.011,2013,PR52,OBS296,CHT100,CHT99,-33.5140054,18.4672839,Non-tropical,Africa,South Africa,Shrubland,Acacia saligna,Acacia saligna,SP01,Visitation rate to Ursinia anthemoides (Beetles),Visitation rate,Pollination,Ursinia anthemoides,Ursinia anthemoides,Woody,Non-woody,Dissimilar,Actinomorphic,Actinomorphic,Similar,Yellow,Yellow,Similar,Insecta,Coleoptera,Raw data (Appendix B),Observational,Invaded vs Uninvaded,3,0.35,0.25,3,0,0
"Gibson et al., 2013. Biological Conservation, 157: 196-203",10.1016/j.biocon.2012.07.011,2013,PR52,OBS297,CHT100,CHT99,-33.5140054,18.4672839,Non-tropical,Africa,South Africa,Shrubland,Acacia saligna,Acacia saligna,SP01,Visitation rate to Ursinia anthemoides (Fly),Visitation rate,Pollination,Ursinia anthemoides,Ursinia anthemoides,Woody,Non-woody,Dissimilar,Actinomorphic,Actinomorphic,Similar,Yellow,Yellow,Similar,Insecta,Diptera,Raw data (Appendix B),Observational,Invaded vs Uninvaded,3,0.38,0.32,3,0,0
"Gibson et al., 2013. Biological Conservation, 157: 196-203",10.1016/j.biocon.2012.07.011,2013,PR52,OBS298,CHT100,CHT99,-33.5140054,18.4672839,Non-tropical,Africa,South Africa,Shrubland,Acacia saligna,Acacia saligna,SP01,Visitation rate to Ursinia anthemoides (Honey bee),Visitation rate,Pollination,Ursinia anthemoides,Ursinia anthemoides,Woody,Non-woody,Dissimilar,Actinomorphic,Actinomorphic,Similar,Yellow,Yellow,Similar,Insecta,Hymnoptera,Raw data (Appendix B),Observational,Invaded vs Uninvaded,3,0.1,0.04,3,0,0
"Gibson et al., 2013. Biological Conservation, 157: 196-203",10.1016/j.biocon.2012.07.011,2013,PR52,OBS299,CHT100,CHT99,-33.5140054,18.4672839,Non-tropical,Africa,South Africa,Shrubland,Acacia saligna,Acacia saligna,SP01,Visitation rate to Ursinia anthemoides (Small bees),Visitation rate,Pollination,Ursinia anthemoides,Ursinia anthemoides,Woody,Non-woody,Dissimilar,Actinomorphic,Actinomorphic,Similar,Yellow,Yellow,Similar,Insecta,Hymnoptera,Raw data (Appendix B),Observational,Invaded vs Uninvaded,3,0.2,0.08,3,0.006,0.01
"Gibson et al., 2013. Biological Conservation, 157: 196-203",10.1016/j.biocon.2012.07.011,2013,PR52,OBS300,CHT100,CHT99,-33.5140054,18.4672839,Non-tropical,Africa,South Africa,Shrubland,Acacia saligna,Acacia saligna,SP01,Visitation rate to Ursinia anthemoides  (Otherhymenoptera),Visitation rate,Pollination,Ursinia anthemoides,Ursinia anthemoides,Woody,Non-woody,Dissimilar,Actinomorphic,Actinomorphic,Similar,Yellow,Yellow,Similar,Insecta,Hymnoptera,Raw data (Appendix B),Observational,Invaded vs Uninvaded,3,0.25,0.23,3,0.007,0.012
"Shelby & Peterson, 2015. Northwest Science, 89: 47-57",10.3955/046.089.0104,2015,PR53,OBS301,CHT101,CHT100,48.8594793,-122.6890875,Non-tropical,North America,USA,Grassland,Rubus armeniacus,Rubus armeniacus,SP51,Number of visits to Sidalcea hendersonii,Number of visits,Pollination,Sidalcea hendersonii,Sidalcea hendersonii,Woody,Non-woody,Dissimilar,Actinomorphic,Actinomorphic,Similar,White/Pink,Pink/Purple,Similar,Insecta,Mixed,Text,Experimental,Within/Near vs far,15,1.07,0.968245837,15,1.07,0.89078617
"Sakata & Ueyama, 2022. Population Ecology, 64: 336-348",10.1002/1438-390X.12125,2022,PR54,OBS302,CHT102,CHT101,39.800836,140.0436655,Non-tropical,Asia,Japan,Garden,Solidago altissima,Solidago altissima,SP56,Number of visits to Aster microcephalus,Number of visits,Pollination,Aster microcephalus,Aster microcephalus,Non-woody,Non-woody,Similar,Actinomorphic,Actinomorphic,Similar,Yellow,White/Yellow,Similar,Insecta,Mixed,Figure 3e,Experimental,Invaded vs Uninvaded,100,8.48,14.9,100,10.05,9.9
"Sakata & Ueyama, 2022. Population Ecology, 64: 336-348",10.1002/1438-390X.12125,2022,PR54,OBS303,CHT103,CHT102,34.971078,135.9547835,Non-tropical,Asia,Japan,Garden,Solidago altissima,Solidago altissima,SP56,Number of visits to Aster microcephalus,Number of visits,Pollination,Aster microcephalus,Aster microcephalus,Non-woody,Non-woody,Similar,Actinomorphic,Actinomorphic,Similar,Yellow,White/Yellow,Similar,Insecta,Mixed,Figure 3d,Experimental,Invaded vs Uninvaded,60,2.14,8.830402029,70,1.07,2.760978088
"Sakata & Ueyama, 2022. Population Ecology, 64: 336-348",10.1002/1438-390X.12125,2022,PR54,OBS304,CHT102,CHT101,39.800836,140.0436655,Non-tropical,Asia,Japan,Garden,Solidago altissima,Solidago altissima,SP56,Seed set of Aster microcephalus,Seed set,Pollination,Aster microcephalus,Aster microcephalus,Non-woody,Non-woody,Similar,Actinomorphic,Actinomorphic,Similar,Yellow,White/Yellow,Similar,Insecta,Mixed,Figure 4b,Experimental,Invaded vs Uninvaded,10,0.36,0.063245553,10,0.38,0.09486833
"Sakata & Ueyama, 2022. Population Ecology, 64: 336-348",10.1002/1438-390X.12125,2022,PR54,OBS305,CHT103,CHT102,34.971078,135.9547835,Non-tropical,Asia,Japan,Garden,Solidago altissima,Solidago altissima,SP56,Seed set of Aster microcephalus,Seed set,Pollination,Aster microcephalus,Aster microcephalus,Non-woody,Non-woody,Similar,Actinomorphic,Actinomorphic,Similar,Yellow,White/Yellow,Similar,Insecta,Mixed,Figure 4b,Experimental,Invaded vs Uninvaded,10,0.06,0.031622777,10,0.41,0.126491106
"Jakobsson et al., 2015. Basic and Applied Ecology, 16: 120-127",10.1016/j.baae.2014.12.005,2015,PR55,OBS306,CHT104,CHT103,58.36666667,11.5,Non-tropical,Europe,Sweden,Road verge,Lupinus polyphyllus,Lupinus polyphyllus,SP32,Total visitation rate to  Lotus corniculatus,Visitation rate,Pollination,Lotus corniculatus,Lotus corniculatus,Non-woody,Non-woody,Similar,Zygomorphic,Zygomorphic,Similar,Blue,Yellow,Dissimilar,Insecta,Mixed,Figure 1a,Experimental,Within/Near vs far,48,0.096,0.090066642,48,0.037,0.076210236
"Jakobsson et al., 2015. Basic and Applied Ecology, 16: 120-127",10.1016/j.baae.2014.12.005,2015,PR55,OBS307,CHT105,CHT104,58.36666667,11.5,Non-tropical,Europe,Sweden,Road verge,Lupinus polyphyllus,Lupinus polyphyllus,SP32,Bumble bee visitation rate to  Lychnis viscaria,Visitation rate,Pollination,Lychnis viscaria,Viscaria vulgaris,Non-woody,Non-woody,Similar,Zygomorphic,Actinomorphic,Dissimilar,Blue,Magenta,Dissimilar,Insecta,Hymnoptera,Figure 3a,Experimental,Within/Near vs far,64,0.054,0.056,64,0.019,0.064
"Jakobsson et al., 2015. Basic and Applied Ecology, 16: 120-127",10.1016/j.baae.2014.12.005,2015,PR55,OBS308,CHT104,CHT103,58.36666667,11.5,Non-tropical,Europe,Sweden,Road verge,Lupinus polyphyllus,Lupinus polyphyllus,SP32,Bumble bee visitation rate to  Lotus corniculatus,Visitation rate,Pollination,Lotus corniculatus,Lotus corniculatus,Non-woody,Non-woody,Similar,Zygomorphic,Zygomorphic,Similar,Blue,Yellow,Dissimilar,Insecta,Hymnoptera,Figure 1b,Experimental,Within/Near vs far,48,0.075,0.103923048,48,0.031,0.090066642
"Jakobsson et al., 2015. Basic and Applied Ecology, 16: 120-127",10.1016/j.baae.2014.12.005,2015,PR55,OBS309,CHT105,CHT104,58.36666667,11.5,Non-tropical,Europe,Sweden,Road verge,Lupinus polyphyllus,Lupinus polyphyllus,SP32,Solitary bee visitation rate to  Lychnis viscaria,Visitation rate,Pollination,Lychnis viscaria,Viscaria vulgaris,Non-woody,Non-woody,Similar,Zygomorphic,Actinomorphic,Dissimilar,Blue,Magenta,Dissimilar,Insecta,Hymnoptera,Figure 3b,Experimental,Within/Near vs far,64,0.008,0.016,64,0.002,0.008
"Sugiura et al., 2013.  Biological Invasions 15, 157-169",10.1007/s10530-012-0275-0,2013,PR56,OBS310,CHT106,CHT105,27.11666667,142.1666667,Non-tropical,Asia,Japan,Forest,Casuarina equisetifolia,Casuarina equisetifolia,SP12,Species density of bees,Abundance,Pollinator,NA,NA,Woody,NA,,,NA,,,NA,,Insecta,Hymnoptera,Figure 3a,Observational,Invaded vs Uninvaded,3,0.28,0.57,3,0.28,0.57
"Sugiura et al., 2013.  Biological Invasions 15, 157-169",10.1007/s10530-012-0275-0,2013,PR56,OBS311,CHT107,CHT106,27.11666667,142.1666667,Non-tropical,Asia,Japan,Grassland,Casuarina equisetifolia,Casuarina equisetifolia,SP12,Species density of bees,Abundance,Pollinator,NA,NA,Woody,NA,,,NA,,,NA,,Insecta,Hymnoptera,Figure 3a,Observational,Invaded vs Uninvaded,3,0.28,0.57,3,2.26,0.57
"Sugiura et al., 2013.  Biological Invasions 15, 157-169",10.1007/s10530-012-0275-0,2013,PR56,OBS312,CHT106,CHT105,27.11666667,142.1666667,Non-tropical,Asia,Japan,Forest,Casuarina equisetifolia,Casuarina equisetifolia,SP12,Abundance of bees,Abundance,Pollinator,NA,NA,Woody,NA,,,NA,,,NA,,Insecta,Hymnoptera,Figure 3b,Observational,Invaded vs Uninvaded,3,1,2.3,3,0.25,0.57
"Sugiura et al., 2013.  Biological Invasions 15, 157-169",10.1007/s10530-012-0275-0,2013,PR56,OBS313,CHT107,CHT106,27.11666667,142.1666667,Non-tropical,Asia,Japan,Grassland,Casuarina equisetifolia,Casuarina equisetifolia,SP12,Abundance of bees,Abundance,Pollinator,NA,NA,Woody,NA,,,NA,,,NA,,Insecta,Hymnoptera,Figure 3b,Observational,Invaded vs Uninvaded,3,1,2.3,3,42.79,46.48
"Russo et al., 2019. Biological Invasions, 21: 3505-3519",10.1007/s10530-019-02064-z,2019,PR57,OBS314,CHT108,CHT107,40.7097075,-77.9525614,Non-tropical,North America,USA,Cropland,Carduus acanthoides,Carduus acanthoides,SP08,Bee abundance,Abundance,Pollinator,NA,NA,Non-woody,NA,,Actinomorphic,NA,,Purple/Pink,NA,,Insecta,Hymnoptera,Figure 1a,Experimental,Invaded vs Uninvaded,24,15.3,4.605040716,6,6.39,2.596459127
"Russo et al., 2019. Biological Invasions, 21: 3505-3519",10.1007/s10530-019-02064-z,2019,PR57,OBS315,CHT108,CHT107,40.7097075,-77.9525614,Non-tropical,North America,USA,Cropland,Carduus acanthoides,Carduus acanthoides,SP08,Bee species richness,Richness,Pollinator,NA,NA,Non-woody,NA,,Actinomorphic,NA,,Purple/Pink,NA,,Insecta,Hymnoptera,Figure 1b,Experimental,Invaded vs Uninvaded,24,6.43,1.61666323,6,2.79,0.955301
"Russo et al., 2019. Biological Invasions, 21: 3505-3519",10.1007/s10530-019-02064-z,2019,PR57,OBS316,CHT109,CHT108,40.7097075,-77.9525614,Non-tropical,North America,USA,Cropland,Carduus acanthoides,Carduus acanthoides,SP08,Visitation rate to Helianthus annuus,Visitation rate,Pollination,Helianthus annuus,Helianthus annuus,Non-woody,Non-woody,Similar,Actinomorphic,Actinomorphic,Similar,Purple/Pink,Yellow,Dissimilar,Insecta,Hymnoptera,Figure 1c,Experimental,Invaded vs Uninvaded,24,0.03,0.06,6,0.034,0.045
"Russo et al., 2019. Biological Invasions, 21: 3505-3519",10.1007/s10530-019-02064-z,2019,PR57,OBS317,CHT110,CHT109,40.7097075,-77.9525614,Non-tropical,North America,USA,Cropland,Carduus acanthoides,Carduus acanthoides,SP08,Visitation rate to Chamaecrista fasciculata,Visitation rate,Pollination,Chamaecrista fasciculata,Chamaecrista fasciculata,Non-woody,Non-woody,Similar,Actinomorphic,Zygomorphic,Dissimilar,Purple/Pink,Yellow,Dissimilar,Insecta,Hymnoptera,Figure 1c,Experimental,Invaded vs Uninvaded,24,0.001,0.002,6,0.004,0.009
"Russo et al., 2019. Biological Invasions, 21: 3505-3519",10.1007/s10530-019-02064-z,2019,PR57,OBS318,CHT111,CHT110,40.7097075,-77.9525614,Non-tropical,North America,USA,Cropland,Carduus acanthoides,Carduus acanthoides,SP08,Visitation rate to Rudbeckia hirta,Visitation rate,Pollination,Rudbeckia hirta,Rudbeckia hirta,Non-woody,Non-woody,Similar,Actinomorphic,Actinomorphic,Similar,Purple/Pink,Yellow,Dissimilar,Insecta,Hymnoptera,Figure 1c,Experimental,Invaded vs Uninvaded,24,0.02,0.05,6,0.017,0.029
"Russo et al., 2019. Biological Invasions, 21: 3505-3519",10.1007/s10530-019-02064-z,2019,PR57,OBS319,CHT112,CHT111,40.7097075,-77.9525614,Non-tropical,North America,USA,Cropland,Carduus acanthoides,Carduus acanthoides,SP08,Visitation rate to Gaillardia pulchella,Visitation rate,Pollination,Gaillardia pulchella,Gaillardia pulchella,Non-woody,Non-woody,Similar,Actinomorphic,Actinomorphic,Similar,Purple/Pink,Yellow,Dissimilar,Insecta,Hymnoptera,Figure 1c,Experimental,Invaded vs Uninvaded,24,0.003,0.008,6,0,0
"Russo et al., 2019. Biological Invasions, 21: 3505-3519",10.1007/s10530-019-02064-z,2019,PR57,OBS320,CHT113,CHT112,40.7097075,-77.9525614,Non-tropical,North America,USA,Cropland,Carduus acanthoides,Carduus acanthoides,SP08,Visitation rate to Coreopsis tinctoria,Visitation rate,Pollination,Coreopsis tinctoria,Coreopsis tinctoria,Non-woody,Non-woody,Similar,Actinomorphic,Actinomorphic,Similar,Purple/Pink,Yellow,Dissimilar,Insecta,Hymnoptera,Figure 1c,Experimental,Invaded vs Uninvaded,24,0.014,0.013,6,0.01,0.019
"Ojija et al., 2019. Arthropod-Plant Interactions, 13: 719-734",10.1007/s11829-019-09701-3,2019,PR58,OBS321,CHT114,CHT113,-3.36666667,36.78333333,Tropical,Africa,Tanzania,Cropland,Parthenium hysterophorus,Parthenium hysterophorus,SP41,Numbers of arriving flower visitors to Ocimum gratissimum (Apis mellifera),Abundance,Pollinator,Ocimum gratissimum,Ocimum gratissimum,Non-woody,Woody,,,Zygomorphic,,Creamy-white,,,Insecta,Hymnoptera,Figure 3a,Observational,Invaded vs Uninvaded,5,65.02,33.3,5,129.65,11.23
"Ojija et al., 2019. Arthropod-Plant Interactions, 13: 719-734",10.1007/s11829-019-09701-3,2019,PR58,OBS322,CHT114,CHT113,-3.36666667,36.78333333,Tropical,Africa,Tanzania,Cropland,Parthenium hysterophorus,Parthenium hysterophorus,SP41,Numbers of arriving flower visitors to Ocimum gratissimum (Other bees),Abundance,Pollinator,Ocimum gratissimum,Ocimum gratissimum,Non-woody,Woody,,,Zygomorphic,,Creamy-white,,,Insecta,Hymnoptera,Figure 3a,Observational,Invaded vs Uninvaded,5,15.56,13.25,5,22.34,16.05
"Ojija et al., 2019. Arthropod-Plant Interactions, 13: 719-734",10.1007/s11829-019-09701-3,2019,PR58,OBS323,CHT114,CHT113,-3.36666667,36.78333333,Tropical,Africa,Tanzania,Cropland,Parthenium hysterophorus,Parthenium hysterophorus,SP41,Numbers of arriving flower visitors to Ocimum gratissimum (Wasps),Abundance,Pollinator,Ocimum gratissimum,Ocimum gratissimum,Non-woody,Woody,,,Zygomorphic,,Creamy-white,,,Insecta,Hymnoptera,Figure 3a,Observational,Invaded vs Uninvaded,5,4.39,4.41,5,8.77,5.59
"Ojija et al., 2019. Arthropod-Plant Interactions, 13: 719-734",10.1007/s11829-019-09701-3,2019,PR58,OBS324,CHT114,CHT113,-3.36666667,36.78333333,Tropical,Africa,Tanzania,Cropland,Parthenium hysterophorus,Parthenium hysterophorus,SP41,Numbers of arriving flower visitors to Ocimum gratissimum (Blisters),Abundance,Pollinator,Ocimum gratissimum,Ocimum gratissimum,Non-woody,Woody,,,Zygomorphic,,Creamy-white,,,Insecta,Coleoptera,Figure 3c,Observational,Invaded vs Uninvaded,5,4.97,2.02,5,10.78,5.54
"Ojija et al., 2019. Arthropod-Plant Interactions, 13: 719-734",10.1007/s11829-019-09701-3,2019,PR58,OBS325,CHT114,CHT113,-3.36666667,36.78333333,Tropical,Africa,Tanzania,Cropland,Parthenium hysterophorus,Parthenium hysterophorus,SP41,Numbers of arriving flower visitors to Ocimum gratissimum (Chafers),Abundance,Pollinator,Ocimum gratissimum,Ocimum gratissimum,Non-woody,Woody,,,Zygomorphic,,Creamy-white,,,Insecta,Coleoptera,Figure 3c,Observational,Invaded vs Uninvaded,5,1.77,1.51,5,1.38,2.99
"Ojija et al., 2019. Arthropod-Plant Interactions, 13: 719-734",10.1007/s11829-019-09701-3,2019,PR58,OBS326,CHT114,CHT113,-3.36666667,36.78333333,Tropical,Africa,Tanzania,Cropland,Parthenium hysterophorus,Parthenium hysterophorus,SP41,Numbers of arriving flower visitors to Ocimum gratissimum (Ladybirds),Abundance,Pollinator,Ocimum gratissimum,Ocimum gratissimum,Non-woody,Woody,,,Zygomorphic,,Creamy-white,,,Insecta,Coleoptera,Figure 3c,Observational,Invaded vs Uninvaded,5,3.8,5.05,5,10.38,5.01
"Ojija et al., 2019. Arthropod-Plant Interactions, 13: 719-734",10.1007/s11829-019-09701-3,2019,PR58,OBS327,CHT114,CHT113,-3.36666667,36.78333333,Tropical,Africa,Tanzania,Cropland,Parthenium hysterophorus,Parthenium hysterophorus,SP41,Numbers of arriving flower visitors to Ocimum gratissimum (Other beetles),Abundance,Pollinator,Ocimum gratissimum,Ocimum gratissimum,Non-woody,Woody,,,Zygomorphic,,Creamy-white,,,Insecta,Coleoptera,Figure 3c,Observational,Invaded vs Uninvaded,5,0.18,0.48,5,3.8,6.54
"Ojija et al., 2019. Arthropod-Plant Interactions, 13: 719-734",10.1007/s11829-019-09701-3,2019,PR58,OBS328,CHT114,CHT113,-3.36666667,36.78333333,Tropical,Africa,Tanzania,Cropland,Parthenium hysterophorus,Parthenium hysterophorus,SP41,Numbers of arriving flower visitors to Ocimum gratissimum (B. aurota),Abundance,Pollinator,Ocimum gratissimum,Ocimum gratissimum,Non-woody,Woody,,,Zygomorphic,,Creamy-white,,,Insecta,Lepidoptera,Figure 3e,Observational,Invaded vs Uninvaded,5,4.02,3.02,5,4.81,7.54
"Ojija et al., 2019. Arthropod-Plant Interactions, 13: 719-734",10.1007/s11829-019-09701-3,2019,PR58,OBS329,CHT114,CHT113,-3.36666667,36.78333333,Tropical,Africa,Tanzania,Cropland,Parthenium hysterophorus,Parthenium hysterophorus,SP41,Numbers of arriving flower visitors to Ocimum gratissimum (Acraea),Abundance,Pollinator,Ocimum gratissimum,Ocimum gratissimum,Non-woody,Woody,,,Zygomorphic,,Creamy-white,,,Insecta,Lepidoptera,Figure 3e,Observational,Invaded vs Uninvaded,5,1.41,2.01,5,9.01,8.45
"Ojija et al., 2019. Arthropod-Plant Interactions, 13: 719-734",10.1007/s11829-019-09701-3,2019,PR58,OBS330,CHT114,CHT113,-3.36666667,36.78333333,Tropical,Africa,Tanzania,Cropland,Parthenium hysterophorus,Parthenium hysterophorus,SP41,Numbers of arriving flower visitors to Ocimum gratissimum (Monarch),Abundance,Pollinator,Ocimum gratissimum,Ocimum gratissimum,Non-woody,Woody,,,Zygomorphic,,Creamy-white,,,Insecta,Lepidoptera,Figure 3e,Observational,Invaded vs Uninvaded,5,1.01,2.52,5,1.8,2.51
"Ojija et al., 2019. Arthropod-Plant Interactions, 13: 719-734",10.1007/s11829-019-09701-3,2019,PR58,OBS331,CHT114,CHT113,-3.36666667,36.78333333,Tropical,Africa,Tanzania,Cropland,Parthenium hysterophorus,Parthenium hysterophorus,SP41,Numbers of arriving flower visitors to Ocimum gratissimum (Other butterflies),Abundance,Pollinator,Ocimum gratissimum,Ocimum gratissimum,Non-woody,Woody,,,Zygomorphic,,Creamy-white,,,Insecta,Lepidoptera,Figure 3e,Observational,Invaded vs Uninvaded,5,3.61,3.03,5,6.41,4.53
"Ojija et al., 2019. Arthropod-Plant Interactions, 13: 719-734",10.1007/s11829-019-09701-3,2019,PR58,OBS332,CHT114,CHT113,-3.36666667,36.78333333,Tropical,Africa,Tanzania,Cropland,Parthenium hysterophorus,Parthenium hysterophorus,SP41,Numbers of arriving flower visitors to Ocimum gratissimum (Hoverflies),Abundance,Pollinator,Ocimum gratissimum,Ocimum gratissimum,Non-woody,Woody,,,Zygomorphic,,Creamy-white,,,Insecta,Diptera,Figure 3g,Observational,Invaded vs Uninvaded,5,9.44,8.09,5,37.47,14.1
"Ojija et al., 2019. Arthropod-Plant Interactions, 13: 719-734",10.1007/s11829-019-09701-3,2019,PR58,OBS333,CHT114,CHT113,-3.36666667,36.78333333,Tropical,Africa,Tanzania,Cropland,Parthenium hysterophorus,Parthenium hysterophorus,SP41,Numbers of arriving flower visitors to Ocimum gratissimum (Other flies),Abundance,Pollinator,Ocimum gratissimum,Ocimum gratissimum,Non-woody,Woody,,,Zygomorphic,,Creamy-white,,,Insecta,Diptera,Figure 3g,Observational,Invaded vs Uninvaded,5,9.67,5.52,5,36.26,12.15
"Ojija et al., 2019. Arthropod-Plant Interactions, 13: 719-734",10.1007/s11829-019-09701-3,2019,PR58,OBS334,CHT114,CHT113,-3.36666667,36.78333333,Tropical,Africa,Tanzania,Cropland,Parthenium hysterophorus,Parthenium hysterophorus,SP41,Duration of visits to Ocimum gratissimum (Apis mellifera),Duration of visits,Pollination,Ocimum gratissimum,Ocimum gratissimum,Non-woody,Woody,Dissimilar,Actinomorphic,Zygomorphic,Dissimilar,Creamy-white,Creamy white/White/Pale greenish-yellow,Similar,Insecta,Hymnoptera,Figure 4a,Observational,Invaded vs Uninvaded,5,1347,672.77,5,2267,879.93
"Ojija et al., 2019. Arthropod-Plant Interactions, 13: 719-734",10.1007/s11829-019-09701-3,2019,PR58,OBS335,CHT114,CHT113,-3.36666667,36.78333333,Tropical,Africa,Tanzania,Cropland,Parthenium hysterophorus,Parthenium hysterophorus,SP41,Duration of visits to Ocimum gratissimum (Other bees),Duration of visits,Pollination,Ocimum gratissimum,Ocimum gratissimum,Non-woody,Woody,Dissimilar,Actinomorphic,Zygomorphic,Dissimilar,Creamy-white,Creamy white/White/Pale greenish-yellow,Similar,Insecta,Hymnoptera,Figure 4a,Observational,Invaded vs Uninvaded,5,88.52,29.68,5,132.79,64.29
"Ojija et al., 2019. Arthropod-Plant Interactions, 13: 719-734",10.1007/s11829-019-09701-3,2019,PR58,OBS336,CHT114,CHT113,-3.36666667,36.78333333,Tropical,Africa,Tanzania,Cropland,Parthenium hysterophorus,Parthenium hysterophorus,SP41,Duration of visits to Ocimum gratissimum (Blisters),Duration of visits,Pollination,Ocimum gratissimum,Ocimum gratissimum,Non-woody,Woody,Dissimilar,Actinomorphic,Zygomorphic,Dissimilar,Creamy-white,Creamy white/White/Pale greenish-yellow,Similar,Insecta,Coleoptera,Figure 4c,Observational,Invaded vs Uninvaded,5,106.5,14.72,5,121.14,22.07
"Ojija et al., 2019. Arthropod-Plant Interactions, 13: 719-734",10.1007/s11829-019-09701-3,2019,PR58,OBS337,CHT114,CHT113,-3.36666667,36.78333333,Tropical,Africa,Tanzania,Cropland,Parthenium hysterophorus,Parthenium hysterophorus,SP41,Duration of visits to Ocimum gratissimum (Chafers),Duration of visits,Pollination,Ocimum gratissimum,Ocimum gratissimum,Non-woody,Woody,Dissimilar,Actinomorphic,Zygomorphic,Dissimilar,Creamy-white,Creamy white/White/Pale greenish-yellow,Similar,Insecta,Coleoptera,Figure 4c,Observational,Invaded vs Uninvaded,5,49.59,13.9,5,48.45,19.62
"Ojija et al., 2019. Arthropod-Plant Interactions, 13: 719-734",10.1007/s11829-019-09701-3,2019,PR58,OBS338,CHT114,CHT113,-3.36666667,36.78333333,Tropical,Africa,Tanzania,Cropland,Parthenium hysterophorus,Parthenium hysterophorus,SP41,Duration of visits to Ocimum gratissimum (Ladybirds),Duration of visits,Pollination,Ocimum gratissimum,Ocimum gratissimum,Non-woody,Woody,Dissimilar,Actinomorphic,Zygomorphic,Dissimilar,Creamy-white,Creamy white/White/Pale greenish-yellow,Similar,Insecta,Coleoptera,Figure 4c,Observational,Invaded vs Uninvaded,5,204.88,47.43,5,460.16,159.42
"Ojija et al., 2019. Arthropod-Plant Interactions, 13: 719-734",10.1007/s11829-019-09701-3,2019,PR58,OBS339,CHT114,CHT113,-3.36666667,36.78333333,Tropical,Africa,Tanzania,Cropland,Parthenium hysterophorus,Parthenium hysterophorus,SP41,Duration of visits to Ocimum gratissimum (Other beetles),Duration of visits,Pollination,Ocimum gratissimum,Ocimum gratissimum,Non-woody,Woody,Dissimilar,Actinomorphic,Zygomorphic,Dissimilar,Creamy-white,Creamy white/White/Pale greenish-yellow,Similar,Insecta,Coleoptera,Figure 4c,Observational,Invaded vs Uninvaded,5,41.46,14.71,5,87.8,25.35
"Ojija et al., 2019. Arthropod-Plant Interactions, 13: 719-734",10.1007/s11829-019-09701-3,2019,PR58,OBS340,CHT114,CHT113,-3.36666667,36.78333333,Tropical,Africa,Tanzania,Cropland,Parthenium hysterophorus,Parthenium hysterophorus,SP41,Duration of visits to Ocimum gratissimum (B. aurota),Duration of visits,Pollination,Ocimum gratissimum,Ocimum gratissimum,Non-woody,Woody,Dissimilar,Actinomorphic,Zygomorphic,Dissimilar,Creamy-white,Creamy white/White/Pale greenish-yellow,Similar,Insecta,Lepidoptera,Figure 4e,Observational,Invaded vs Uninvaded,5,21.9,23.13,5,15.1,13.07
"Ojija et al., 2019. Arthropod-Plant Interactions, 13: 719-734",10.1007/s11829-019-09701-3,2019,PR58,OBS341,CHT114,CHT113,-3.36666667,36.78333333,Tropical,Africa,Tanzania,Cropland,Parthenium hysterophorus,Parthenium hysterophorus,SP41,Duration of visits to Ocimum gratissimum (Acraea),Duration of visits,Pollination,Ocimum gratissimum,Ocimum gratissimum,Non-woody,Woody,Dissimilar,Actinomorphic,Zygomorphic,Dissimilar,Creamy-white,Creamy white/White/Pale greenish-yellow,Similar,Insecta,Lepidoptera,Figure 4e,Observational,Invaded vs Uninvaded,5,13.9,11.56,5,2.7,4.53
"Ojija et al., 2019. Arthropod-Plant Interactions, 13: 719-734",10.1007/s11829-019-09701-3,2019,PR58,OBS342,CHT114,CHT113,-3.36666667,36.78333333,Tropical,Africa,Tanzania,Cropland,Parthenium hysterophorus,Parthenium hysterophorus,SP41,Duration of visits to Ocimum gratissimum (Monarch),Duration of visits,Pollination,Ocimum gratissimum,Ocimum gratissimum,Non-woody,Woody,Dissimilar,Actinomorphic,Zygomorphic,Dissimilar,Creamy-white,Creamy white/White/Pale greenish-yellow,Similar,Insecta,Lepidoptera,Figure 4e,Observational,Invaded vs Uninvaded,5,3.7,2.61,5,6.85,3.52
"Ojija et al., 2019. Arthropod-Plant Interactions, 13: 719-734",10.1007/s11829-019-09701-3,2019,PR58,OBS343,CHT114,CHT113,-3.36666667,36.78333333,Tropical,Africa,Tanzania,Cropland,Parthenium hysterophorus,Parthenium hysterophorus,SP41,Duration of visits to Ocimum gratissimum (Other butterflies),Duration of visits,Pollination,Ocimum gratissimum,Ocimum gratissimum,Non-woody,Woody,Dissimilar,Actinomorphic,Zygomorphic,Dissimilar,Creamy-white,Creamy white/White/Pale greenish-yellow,Similar,Insecta,Lepidoptera,Figure 4e,Observational,Invaded vs Uninvaded,5,20.7,8.04,5,37.5,7.64
"Ojija et al., 2019. Arthropod-Plant Interactions, 13: 719-734",10.1007/s11829-019-09701-3,2019,PR58,OBS344,CHT114,CHT113,-3.36666667,36.78333333,Tropical,Africa,Tanzania,Cropland,Parthenium hysterophorus,Parthenium hysterophorus,SP41,Duration of visits to Ocimum gratissimum (Hoverflies),Duration of visits,Pollination,Ocimum gratissimum,Ocimum gratissimum,Non-woody,Woody,Dissimilar,Actinomorphic,Zygomorphic,Dissimilar,Creamy-white,Creamy white/White/Pale greenish-yellow,Similar,Insecta,Diptera,Figure 4g,Observational,Invaded vs Uninvaded,5,88.98,34.32,5,184.26,51.31
"Ojija et al., 2019. Arthropod-Plant Interactions, 13: 719-734",10.1007/s11829-019-09701-3,2019,PR58,OBS345,CHT114,CHT113,-3.36666667,36.78333333,Tropical,Africa,Tanzania,Cropland,Parthenium hysterophorus,Parthenium hysterophorus,SP41,Duration of visits to Ocimum gratissimum (Other flies),Duration of visits,Pollination,Ocimum gratissimum,Ocimum gratissimum,Non-woody,Woody,Dissimilar,Actinomorphic,Zygomorphic,Dissimilar,Creamy-white,Creamy white/White/Pale greenish-yellow,Similar,Insecta,Diptera,Figure 4g,Observational,Invaded vs Uninvaded,5,58.24,36.7,5,158.24,51.28
"Ojija et al., 2019. Arthropod-Plant Interactions, 13: 719-734",10.1007/s11829-019-09701-3,2019,PR58,OBS346,CHT114,CHT113,-3.36666667,36.78333333,Tropical,Africa,Tanzania,Cropland,Parthenium hysterophorus,Parthenium hysterophorus,SP41,Visitation rate to Ocimum gratissimum (Apis mellifera),Visitation rate,Pollination,Ocimum gratissimum,Ocimum gratissimum,Non-woody,Woody,Dissimilar,Actinomorphic,Zygomorphic,Dissimilar,Creamy-white,Creamy white/White/Pale greenish-yellow,Similar,Insecta,Hymnoptera,Figure 5a,Observational,Invaded vs Uninvaded,5,5.55,2.31,5,7.28,1.46
"Ojija et al., 2019. Arthropod-Plant Interactions, 13: 719-734",10.1007/s11829-019-09701-3,2019,PR58,OBS347,CHT114,CHT113,-3.36666667,36.78333333,Tropical,Africa,Tanzania,Cropland,Parthenium hysterophorus,Parthenium hysterophorus,SP41,Visitation rate to Ocimum gratissimum (Other bees),Visitation rate,Pollination,Ocimum gratissimum,Ocimum gratissimum,Non-woody,Woody,Dissimilar,Actinomorphic,Zygomorphic,Dissimilar,Creamy-white,Creamy white/White/Pale greenish-yellow,Similar,Insecta,Hymnoptera,Figure 5a,Observational,Invaded vs Uninvaded,5,0.97,0.49,5,1.31,0.32
"Ojija et al., 2019. Arthropod-Plant Interactions, 13: 719-734",10.1007/s11829-019-09701-3,2019,PR58,OBS348,CHT114,CHT113,-3.36666667,36.78333333,Tropical,Africa,Tanzania,Cropland,Parthenium hysterophorus,Parthenium hysterophorus,SP41,Visitation rate to Ocimum gratissimum (Wasps),Visitation rate,Pollination,Ocimum gratissimum,Ocimum gratissimum,Non-woody,Woody,Dissimilar,Actinomorphic,Zygomorphic,Dissimilar,Creamy-white,Creamy white/White/Pale greenish-yellow,Similar,Insecta,Hymnoptera,Figure 5a,Observational,Invaded vs Uninvaded,5,0.44,0.23,5,0.55,0.12
"Ojija et al., 2019. Arthropod-Plant Interactions, 13: 719-734",10.1007/s11829-019-09701-3,2019,PR58,OBS349,CHT114,CHT113,-3.36666667,36.78333333,Tropical,Africa,Tanzania,Cropland,Parthenium hysterophorus,Parthenium hysterophorus,SP41,Visitation rate to Ocimum gratissimum (Blisters),Visitation rate,Pollination,Ocimum gratissimum,Ocimum gratissimum,Non-woody,Woody,Dissimilar,Actinomorphic,Zygomorphic,Dissimilar,Creamy-white,Creamy white/White/Pale greenish-yellow,Similar,Insecta,Coleoptera,Figure 5c,Observational,Invaded vs Uninvaded,5,0.32,0.13,5,0.51,0.08
"Ojija et al., 2019. Arthropod-Plant Interactions, 13: 719-734",10.1007/s11829-019-09701-3,2019,PR58,OBS350,CHT114,CHT113,-3.36666667,36.78333333,Tropical,Africa,Tanzania,Cropland,Parthenium hysterophorus,Parthenium hysterophorus,SP41,Visitation rate to Ocimum gratissimum (Chafers),Visitation rate,Pollination,Ocimum gratissimum,Ocimum gratissimum,Non-woody,Woody,Dissimilar,Actinomorphic,Zygomorphic,Dissimilar,Creamy-white,Creamy white/White/Pale greenish-yellow,Similar,Insecta,Coleoptera,Figure 5c,Observational,Invaded vs Uninvaded,5,0.29,0.18,5,0.29,0.11
"Ojija et al., 2019. Arthropod-Plant Interactions, 13: 719-734",10.1007/s11829-019-09701-3,2019,PR58,OBS351,CHT114,CHT113,-3.36666667,36.78333333,Tropical,Africa,Tanzania,Cropland,Parthenium hysterophorus,Parthenium hysterophorus,SP41,Visitation rate to Ocimum gratissimum (Ladybirds),Visitation rate,Pollination,Ocimum gratissimum,Ocimum gratissimum,Non-woody,Woody,Dissimilar,Actinomorphic,Zygomorphic,Dissimilar,Creamy-white,Creamy white/White/Pale greenish-yellow,Similar,Insecta,Coleoptera,Figure 5c,Observational,Invaded vs Uninvaded,5,0.25,0.21,5,0.48,0.26
"Ojija et al., 2019. Arthropod-Plant Interactions, 13: 719-734",10.1007/s11829-019-09701-3,2019,PR58,OBS352,CHT114,CHT113,-3.36666667,36.78333333,Tropical,Africa,Tanzania,Cropland,Parthenium hysterophorus,Parthenium hysterophorus,SP41,Visitation rate to Ocimum gratissimum (Other beetles),Visitation rate,Pollination,Ocimum gratissimum,Ocimum gratissimum,Non-woody,Woody,Dissimilar,Actinomorphic,Zygomorphic,Dissimilar,Creamy-white,Creamy white/White/Pale greenish-yellow,Similar,Insecta,Coleoptera,Figure 5c,Observational,Invaded vs Uninvaded,5,0.25,0.22,5,0.22,0.3
"Ojija et al., 2019. Arthropod-Plant Interactions, 13: 719-734",10.1007/s11829-019-09701-3,2019,PR58,OBS353,CHT114,CHT113,-3.36666667,36.78333333,Tropical,Africa,Tanzania,Cropland,Parthenium hysterophorus,Parthenium hysterophorus,SP41,Visitation rate to Ocimum gratissimum (B. aurota),Visitation rate,Pollination,Ocimum gratissimum,Ocimum gratissimum,Non-woody,Woody,Dissimilar,Actinomorphic,Zygomorphic,Dissimilar,Creamy-white,Creamy white/White/Pale greenish-yellow,Similar,Insecta,Lepidoptera,Figure 5e,Observational,Invaded vs Uninvaded,5,0.27,0.15,5,0.31,0.29
"Ojija et al., 2019. Arthropod-Plant Interactions, 13: 719-734",10.1007/s11829-019-09701-3,2019,PR58,OBS354,CHT114,CHT113,-3.36666667,36.78333333,Tropical,Africa,Tanzania,Cropland,Parthenium hysterophorus,Parthenium hysterophorus,SP41,Visitation rate to Ocimum gratissimum (Acraea),Visitation rate,Pollination,Ocimum gratissimum,Ocimum gratissimum,Non-woody,Woody,Dissimilar,Actinomorphic,Zygomorphic,Dissimilar,Creamy-white,Creamy white/White/Pale greenish-yellow,Similar,Insecta,Lepidoptera,Figure 5e,Observational,Invaded vs Uninvaded,5,0.32,0.11,5,0.67,0.47
"Ojija et al., 2019. Arthropod-Plant Interactions, 13: 719-734",10.1007/s11829-019-09701-3,2019,PR58,OBS355,CHT114,CHT113,-3.36666667,36.78333333,Tropical,Africa,Tanzania,Cropland,Parthenium hysterophorus,Parthenium hysterophorus,SP41,Visitation rate to Ocimum gratissimum (Monarch),Visitation rate,Pollination,Ocimum gratissimum,Ocimum gratissimum,Non-woody,Woody,Dissimilar,Actinomorphic,Zygomorphic,Dissimilar,Creamy-white,Creamy white/White/Pale greenish-yellow,Similar,Insecta,Lepidoptera,Figure 5e,Observational,Invaded vs Uninvaded,5,0.19,0.22,5,0.2,0.16
"Ojija et al., 2019. Arthropod-Plant Interactions, 13: 719-734",10.1007/s11829-019-09701-3,2019,PR58,OBS356,CHT114,CHT113,-3.36666667,36.78333333,Tropical,Africa,Tanzania,Cropland,Parthenium hysterophorus,Parthenium hysterophorus,SP41,Visitation rate to Ocimum gratissimum (Other butterflies),Visitation rate,Pollination,Ocimum gratissimum,Ocimum gratissimum,Non-woody,Woody,Dissimilar,Actinomorphic,Zygomorphic,Dissimilar,Creamy-white,Creamy white/White/Pale greenish-yellow,Similar,Insecta,Lepidoptera,Figure 5e,Observational,Invaded vs Uninvaded,5,0.21,0.13,5,0.29,0.13
"Ojija et al., 2019. Arthropod-Plant Interactions, 13: 719-734",10.1007/s11829-019-09701-3,2019,PR58,OBS357,CHT114,CHT113,-3.36666667,36.78333333,Tropical,Africa,Tanzania,Cropland,Parthenium hysterophorus,Parthenium hysterophorus,SP41,Visitation rate to Ocimum gratissimum (Hoverflies),Visitation rate,Pollination,Ocimum gratissimum,Ocimum gratissimum,Non-woody,Woody,Dissimilar,Actinomorphic,Zygomorphic,Dissimilar,Creamy-white,Creamy white/White/Pale greenish-yellow,Similar,Insecta,Diptera,Figure 5g,Observational,Invaded vs Uninvaded,5,0.47,0.13,5,1.34,0.97
"Ojija et al., 2019. Arthropod-Plant Interactions, 13: 719-734",10.1007/s11829-019-09701-3,2019,PR58,OBS358,CHT114,CHT113,-3.36666667,36.78333333,Tropical,Africa,Tanzania,Cropland,Parthenium hysterophorus,Parthenium hysterophorus,SP41,Visitation rate to Ocimum gratissimum (Other flies),Visitation rate,Pollination,Ocimum gratissimum,Ocimum gratissimum,Non-woody,Woody,Dissimilar,Actinomorphic,Zygomorphic,Dissimilar,Creamy-white,Creamy white/White/Pale greenish-yellow,Similar,Insecta,Diptera,Figure 5g,Observational,Invaded vs Uninvaded,5,0.55,0.39,5,1.89,1.14
"Swensen et al., 2024. Frontiers in Plant Science, 15: 2024",10.3389/fpls.2024.1281797,2024,PR59,OBS359,CHT115,CHT114,18.450074,-65.95198,Tropical,North America,USA,Dune,Scaevola taccada,Scaevola taccada,SP53,Visitation rate to Scaevola plumieri,Visitation rate,Pollination,Scaevola plumieri,Scaevola plumieri,Woody,Woody,Similar,Zygomorphic,Zygomorphic,Similar,Pale yellow/White,White,Similar,Insecta,Mixed,Figure 3,Observational,Invaded vs Uninvaded,15,1.85,2.25,32,2.69,1.95
"Swensen et al., 2024. Frontiers in Plant Science, 15: 2024",10.3389/fpls.2024.1281797,2024,PR59,OBS360,CHT116,CHT115,18.446056,-65.933833,Tropical,North America,USA,Dune,Scaevola taccada,Scaevola taccada,SP53,Visitation rate to Scaevola plumieri,Visitation rate,Pollination,Scaevola plumieri,Scaevola plumieri,Woody,Woody,Similar,Zygomorphic,Zygomorphic,Similar,Pale yellow/White,White,Similar,Insecta,Mixed,Figure 3,Observational,Invaded vs Uninvaded,50,3.28,1.78,32,2.69,1.95
"Bruckman & Campbell, 2016. American Journal of Botany, 103: 1458-1465",10.3732/ajb.1600153,2016,PR60,OBS361,CHT117,CHT116,33.66361111,-117.8527778,Non-tropical,North America,USA,Forest,Brassica nigra,Mutarda nigra,SP35,Seed set of Phacelia parryi,Seed set,Pollination,Phacelia parryi,Phacelia parryi,Non-woody,Non-woody,Similar,Actinomorphic,Actinomorphic,Similar,Yellow,Violet/Purple ,Dissimilar,Insecta,Mixed,Figure 4,Experimental,High vs low,9,44,30.84,10,55.81,29.53567335
"Bruckman & Campbell, 2016. American Journal of Botany, 103: 1458-1465",10.3732/ajb.1600153,2016,PR60,OBS362,CHT118,CHT117,33.66361111,-117.8527778,Non-tropical,North America,USA,Forest,Brassica nigra,Mutarda nigra,SP35,Seed set of Phacelia parryi,Seed set,Pollination,Phacelia parryi,Phacelia parryi,Non-woody,Non-woody,Similar,Actinomorphic,Actinomorphic,Similar,Yellow,Violet/Purple ,Dissimilar,Insecta,Mixed,Figure 4,Experimental,Within/Near vs far,9,58.26,32.64,10,23.23,17.48739546
"Grz?dzicka, 2025. Apidologie 56: 77 ",10.1007/s13592-025-01205-9,2025,PR61,OBS363,CHT119,CHT118,50.9472067,13.8527235,Non-tropical,Europe,Poland,Grassland,Heracleum sosnowskyi,Heracleum sosnowskyi,SP25,Abundance of pollinators (Apis mellifera),Abundance,Pollinator,NA,NA,Non-woody,NA,,,NA,,White,NA,,Insecta,Hymnoptera,Figure 3,Observational,Invaded vs Uninvaded,34,106.79,91.47,34,29.57,12.78
"Grz?dzicka, 2025. Apidologie 56: 77 ",10.1007/s13592-025-01205-9,2025,PR61,OBS364,CHT119,CHT118,50.9472067,13.8527235,Non-tropical,Europe,Poland,Grassland,Heracleum sosnowskyi,Heracleum sosnowskyi,SP25,Abundance of pollinators (non-Apis pollinators),Abundance,Pollinator,NA,NA,Non-woody,NA,,,NA,,White,NA,,Insecta,Mixed,Figure 3,Observational,Invaded vs Uninvaded,34,10.23,21.02,34,22.05,15.99
"Recart et al., 2013. Biological Invasions 15: 283-293",10.1007/s10530-012-0283-0,2013,PR62,OBS365,CHT120,CHT119,18.4,-66.68333333,Tropical,North America,USA,Forest,Spathoglottis plicata,Spathoglottis plicata,SP60,Fruit set of Bletia patula,Fruit set,Pollination,Bletia patula,Bletia patula,Non-woody,Non-woody,Similar,Zygomorphic,Zygomorphic,Similar,White/Magenta,Magenta,Similar,,,Figure 1,Observational,Invaded vs Uninvaded,19,1.68,4.04,19,13.04,18.31
"Kovács-Hostyánszki et al., 2022. Basic and Applied Ecology: 64: 89-102",10.1016/j.baae.2022.07.003,2022,PR63,OBS366,CHT121,CHT120,47.3262,19.4146,Non-tropical,Europe,Hungary,Wasteland/Old-field,Ambrosia artemisiifolia,Ambrosia artemisiifolia,SP03,Hoverfly abundance,Abundance,Pollinator,NA,NA,Non-woody,NA,,,NA,,,NA,,Insecta,Diptera,Figure 3 (ESM),Observational,Invaded vs Uninvaded,7,5.99,3.36,7,4.29,3.55
"Kovács-Hostyánszki et al., 2022. Basic and Applied Ecology: 64: 89-102",10.1016/j.baae.2022.07.003,2022,PR63,OBS367,CHT121,CHT120,47.3262,19.4146,Non-tropical,Europe,Hungary,Wasteland/Old-field,Ambrosia artemisiifolia,Ambrosia artemisiifolia,SP03,Wild bee abundance,Abundance,Pollinator,NA,NA,Non-woody,NA,,,NA,,,NA,,Insecta,Hymnoptera,Figure 3 (ESM),Observational,Invaded vs Uninvaded,7,3.65,3.37,7,5.78,4.48
"Kovács-Hostyánszki et al., 2022. Basic and Applied Ecology: 64: 89-102",10.1016/j.baae.2022.07.003,2022,PR63,OBS368,CHT121,CHT120,47.3262,19.4146,Non-tropical,Europe,Hungary,Wasteland/Old-field,Ambrosia artemisiifolia,Ambrosia artemisiifolia,SP03,Honey bee abundance,Abundance,Pollinator,NA,NA,Non-woody,NA,,,NA,,,NA,,Insecta,Hymnoptera,Figure 3 (ESM),Observational,Invaded vs Uninvaded,7,1.02,1.74,7,0.9,1.52
"Kovács-Hostyánszki et al., 2022. Basic and Applied Ecology: 64: 89-102",10.1016/j.baae.2022.07.003,2022,PR63,OBS369,CHT121,CHT120,47.3262,19.4146,Non-tropical,Europe,Hungary,Wasteland/Old-field,Ambrosia artemisiifolia,Ambrosia artemisiifolia,SP03,Hoverfly species richness,Richness,Pollinator,NA,NA,Non-woody,NA,,,NA,,,NA,,Insecta,Diptera,Figure 3 (ESM),Observational,Invaded vs Uninvaded,7,1.98,1.66,7,1.6,1.88
"Kovács-Hostyánszki et al., 2022. Basic and Applied Ecology: 64: 89-102",10.1016/j.baae.2022.07.003,2022,PR63,OBS370,CHT121,CHT120,47.3262,19.4146,Non-tropical,Europe,Hungary,Wasteland/Old-field,Ambrosia artemisiifolia,Ambrosia artemisiifolia,SP03,Wild bee species richness,Richness,Pollinator,NA,NA,Non-woody,NA,,,NA,,,NA,,Insecta,Hymnoptera,Figure 3 (ESM),Observational,Invaded vs Uninvaded,7,1.21,1.33,7,2.22,2.92
"Kovács-Hostyánszki et al., 2022. Basic and Applied Ecology: 64: 89-102",10.1016/j.baae.2022.07.003,2022,PR63,OBS371,CHT121,CHT120,47.3262,19.4146,Non-tropical,Europe,Hungary,Wasteland/Old-field,Ambrosia artemisiifolia,Ambrosia artemisiifolia,SP03,Hoverfly species diversity,Diversity,Pollinator,NA,NA,Non-woody,NA,,,NA,,,NA,,Insecta,Diptera,Figure 3 (ESM),Observational,Invaded vs Uninvaded,7,0.56,0.68,7,0.64,0.68
"Kovács-Hostyánszki et al., 2022. Basic and Applied Ecology: 64: 89-102",10.1016/j.baae.2022.07.003,2022,PR63,OBS372,CHT121,CHT120,47.3262,19.4146,Non-tropical,Europe,Hungary,Wasteland/Old-field,Ambrosia artemisiifolia,Ambrosia artemisiifolia,SP03,Wild bee species diversity,Diversity,Pollinator,NA,NA,Non-woody,NA,,,NA,,,NA,,Insecta,Hymnoptera,Figure 3 (ESM),Observational,Invaded vs Uninvaded,7,0.91,0.16,7,0.95,1.24
"Kovács-Hostyánszki et al., 2022. Basic and Applied Ecology: 64: 89-102",10.1016/j.baae.2022.07.003,2022,PR63,OBS373,CHT122,CHT121,47.3986,19.7415,Non-tropical,Europe,Hungary,Wasteland/Old-field,Asclepias syriaca,Asclepias syriaca,SP04,Hoverfly abundance,Abundance,Pollinator,NA,NA,Non-woody,NA,,,NA,,White/Pink/Red,NA,,Insecta,Diptera,Figure 4 (ESM),Observational,Invaded vs Uninvaded,7,31.05,17.8,7,52.7,36.14
"Kovács-Hostyánszki et al., 2022. Basic and Applied Ecology: 64: 89-102",10.1016/j.baae.2022.07.003,2022,PR63,OBS374,CHT122,CHT121,47.3986,19.7415,Non-tropical,Europe,Hungary,Wasteland/Old-field,Asclepias syriaca,Asclepias syriaca,SP04,Wild bee abundance,Abundance,Pollinator,NA,NA,Non-woody,NA,,,NA,,White/Pink/Red,NA,,Insecta,Hymnoptera,Figure 4 (ESM),Observational,Invaded vs Uninvaded,7,21.61,9.01,7,20.27,9.88
"Kovács-Hostyánszki et al., 2022. Basic and Applied Ecology: 64: 89-102",10.1016/j.baae.2022.07.003,2022,PR63,OBS375,CHT122,CHT121,47.3986,19.7415,Non-tropical,Europe,Hungary,Wasteland/Old-field,Asclepias syriaca,Asclepias syriaca,SP04,Honey bee abundance,Abundance,Pollinator,NA,NA,Non-woody,NA,,,NA,,White/Pink/Red,NA,,Insecta,Hymnoptera,Figure 4 (ESM),Observational,Invaded vs Uninvaded,7,57.32,51.62,7,14.77,17.51
"Kovács-Hostyánszki et al., 2022. Basic and Applied Ecology: 64: 89-102",10.1016/j.baae.2022.07.003,2022,PR63,OBS376,CHT122,CHT121,47.3986,19.7415,Non-tropical,Europe,Hungary,Wasteland/Old-field,Asclepias syriaca,Asclepias syriaca,SP04,Hoverfly species richness,Richness,Pollinator,NA,NA,Non-woody,NA,,,NA,,White/Pink/Red,NA,,Insecta,Diptera,Figure 4 (ESM),Observational,Invaded vs Uninvaded,7,4.6,2.66,7,3.97,2.52
"Kovács-Hostyánszki et al., 2022. Basic and Applied Ecology: 64: 89-102",10.1016/j.baae.2022.07.003,2022,PR63,OBS377,CHT122,CHT121,47.3986,19.7415,Non-tropical,Europe,Hungary,Wasteland/Old-field,Asclepias syriaca,Asclepias syriaca,SP04,Wild bee species richness,Richness,Pollinator,NA,NA,Non-woody,NA,,,NA,,White/Pink/Red,NA,,Insecta,Hymnoptera,Figure 4 (ESM),Observational,Invaded vs Uninvaded,7,6.48,2.07,7,6.38,1.47
"Kovács-Hostyánszki et al., 2022. Basic and Applied Ecology: 64: 89-102",10.1016/j.baae.2022.07.003,2022,PR63,OBS378,CHT122,CHT121,47.3986,19.7415,Non-tropical,Europe,Hungary,Wasteland/Old-field,Asclepias syriaca,Asclepias syriaca,SP04,Hoverfly species diversity,Diversity,Pollinator,NA,NA,Non-woody,NA,,,NA,,White/Pink/Red,NA,,Insecta,Diptera,Figure 4 (ESM),Observational,Invaded vs Uninvaded,7,0.9,0.6,7,0.87,0.4
"Kovács-Hostyánszki et al., 2022. Basic and Applied Ecology: 64: 89-102",10.1016/j.baae.2022.07.003,2022,PR63,OBS379,CHT122,CHT121,47.3986,19.7415,Non-tropical,Europe,Hungary,Wasteland/Old-field,Asclepias syriaca,Asclepias syriaca,SP04,Wild bee species diversity,Diversity,Pollinator,NA,NA,Non-woody,NA,,,NA,,White/Pink/Red,NA,,Insecta,Hymnoptera,Figure 4 (ESM),Observational,Invaded vs Uninvaded,7,1.56,0.31,7,1.61,0.2
"Kovács-Hostyánszki et al., 2022. Basic and Applied Ecology: 64: 89-102",10.1016/j.baae.2022.07.003,2022,PR63,OBS380,CHT123,CHT122,46.847156,23.311714,Non-tropical,Europe,Hungary,Wasteland/Old-field,Erigeron annuus ,Erigeron annuus ,SP18,Hoverfly abundance,Abundance,Pollinator,NA,NA,Non-woody,NA,,,NA,,,NA,,Insecta,Diptera,Figure 5 (ESM),Observational,Invaded vs Uninvaded,7,139.9,12.62,7,49.51,23.36
"Kovács-Hostyánszki et al., 2022. Basic and Applied Ecology: 64: 89-102",10.1016/j.baae.2022.07.003,2022,PR63,OBS381,CHT123,CHT122,46.847156,23.311714,Non-tropical,Europe,Hungary,Wasteland/Old-field,Erigeron annuus ,Erigeron annuus ,SP18,Wild bee abundance,Abundance,Pollinator,NA,NA,Non-woody,NA,,,NA,,,NA,,Insecta,Hymnoptera,Figure 5 (ESM),Observational,Invaded vs Uninvaded,7,15.04,11.35,7,13.94,8.68
"Kovács-Hostyánszki et al., 2022. Basic and Applied Ecology: 64: 89-102",10.1016/j.baae.2022.07.003,2022,PR63,OBS382,CHT123,CHT122,46.847156,23.311714,Non-tropical,Europe,Hungary,Wasteland/Old-field,Erigeron annuus ,Erigeron annuus ,SP18,Honey bee abundance,Abundance,Pollinator,NA,NA,Non-woody,NA,,,NA,,,NA,,Insecta,Hymnoptera,Figure 5 (ESM),Observational,Invaded vs Uninvaded,7,12.69,8.52,7,26.12,27.63
"Kovács-Hostyánszki et al., 2022. Basic and Applied Ecology: 64: 89-102",10.1016/j.baae.2022.07.003,2022,PR63,OBS383,CHT123,CHT122,46.847156,23.311714,Non-tropical,Europe,Hungary,Wasteland/Old-field,Erigeron annuus ,Erigeron annuus ,SP18,Hoverfly species richness,Richness,Pollinator,NA,NA,Non-woody,NA,,,NA,,,NA,,Insecta,Diptera,Figure 5 (ESM),Observational,Invaded vs Uninvaded,7,4.25,0.42,7,2.38,1.43
"Kovács-Hostyánszki et al., 2022. Basic and Applied Ecology: 64: 89-102",10.1016/j.baae.2022.07.003,2022,PR63,OBS384,CHT123,CHT122,46.847156,23.311714,Non-tropical,Europe,Hungary,Wasteland/Old-field,Erigeron annuus ,Erigeron annuus ,SP18,Wild bee species richness,Richness,Pollinator,NA,NA,Non-woody,NA,,,NA,,,NA,,Insecta,Hymnoptera,Figure 5 (ESM),Observational,Invaded vs Uninvaded,7,2.25,0.83,7,3.62,1.47
"Kovács-Hostyánszki et al., 2022. Basic and Applied Ecology: 64: 89-102",10.1016/j.baae.2022.07.003,2022,PR63,OBS385,CHT123,CHT122,46.847156,23.311714,Non-tropical,Europe,Hungary,Wasteland/Old-field,Erigeron annuus ,Erigeron annuus ,SP18,Hoverfly species diversity,Diversity,Pollinator,NA,NA,Non-woody,NA,,,NA,,,NA,,Insecta,Diptera,Figure 5 (ESM),Observational,Invaded vs Uninvaded,7,1.28,0.15,7,0.71,0.65
"Kovács-Hostyánszki et al., 2022. Basic and Applied Ecology: 64: 89-102",10.1016/j.baae.2022.07.003,2022,PR63,OBS386,CHT123,CHT122,46.847156,23.311714,Non-tropical,Europe,Hungary,Wasteland/Old-field,Erigeron annuus ,Erigeron annuus ,SP18,Wild bee species diversity,Diversity,Pollinator,NA,NA,Non-woody,NA,,,NA,,,NA,,Insecta,Hymnoptera,Figure 5 (ESM),Observational,Invaded vs Uninvaded,7,0.89,0.38,7,1.17,0.37
"Kovács-Hostyánszki et al., 2022. Basic and Applied Ecology: 64: 89-102",10.1016/j.baae.2022.07.003,2022,PR63,OBS387,CHT124,CHT123,47.3064,19.4022,Non-tropical,Europe,Hungary,Wasteland/Old-field,Erigeron canadensis ,Erigeron canadensis ,SP19,Hoverfly abundance,Abundance,Pollinator,NA,NA,Non-woody,NA,,,NA,,,NA,,Insecta,Diptera,Figure 6 (ESM),Observational,Invaded vs Uninvaded,7,38.43,26.3,7,16.7,14.93
"Kovács-Hostyánszki et al., 2022. Basic and Applied Ecology: 64: 89-102",10.1016/j.baae.2022.07.003,2022,PR63,OBS388,CHT124,CHT123,47.3064,19.4022,Non-tropical,Europe,Hungary,Wasteland/Old-field,Erigeron canadensis ,Erigeron canadensis ,SP19,Wild bee abundance,Abundance,Pollinator,NA,NA,Non-woody,NA,,,NA,,,NA,,Insecta,Hymnoptera,Figure 6 (ESM),Observational,Invaded vs Uninvaded,7,14.3,8.81,7,8.99,6.04
"Kovács-Hostyánszki et al., 2022. Basic and Applied Ecology: 64: 89-102",10.1016/j.baae.2022.07.003,2022,PR63,OBS389,CHT124,CHT123,47.3064,19.4022,Non-tropical,Europe,Hungary,Wasteland/Old-field,Erigeron canadensis ,Erigeron canadensis ,SP19,Honey bee abundance,Abundance,Pollinator,NA,NA,Non-woody,NA,,,NA,,,NA,,Insecta,Hymnoptera,Figure 6 (ESM),Observational,Invaded vs Uninvaded,7,1.09,1.22,7,1.54,2.18
"Kovács-Hostyánszki et al., 2022. Basic and Applied Ecology: 64: 89-102",10.1016/j.baae.2022.07.003,2022,PR63,OBS390,CHT124,CHT123,47.3064,19.4022,Non-tropical,Europe,Hungary,Wasteland/Old-field,Erigeron canadensis ,Erigeron canadensis ,SP19,Hoverfly species richness,Richness,Pollinator,NA,NA,Non-woody,NA,,,NA,,,NA,,Insecta,Diptera,Figure 6 (ESM),Observational,Invaded vs Uninvaded,7,2.63,1.44,7,2.45,0.64
"Kovács-Hostyánszki et al., 2022. Basic and Applied Ecology: 64: 89-102",10.1016/j.baae.2022.07.003,2022,PR63,OBS391,CHT124,CHT123,47.3064,19.4022,Non-tropical,Europe,Hungary,Wasteland/Old-field,Erigeron canadensis ,Erigeron canadensis ,SP19,Wild bee species richness,Richness,Pollinator,NA,NA,Non-woody,NA,,,NA,,,NA,,Insecta,Hymnoptera,Figure 6 (ESM),Observational,Invaded vs Uninvaded,7,4.22,2.9,7,3.1,2.71
"Kovács-Hostyánszki et al., 2022. Basic and Applied Ecology: 64: 89-102",10.1016/j.baae.2022.07.003,2022,PR63,OBS392,CHT124,CHT123,47.3064,19.4022,Non-tropical,Europe,Hungary,Wasteland/Old-field,Erigeron canadensis ,Erigeron canadensis ,SP19,Hoverfly species diversity,Diversity,Pollinator,NA,NA,Non-woody,NA,,,NA,,,NA,,Insecta,Diptera,Figure 6 (ESM),Observational,Invaded vs Uninvaded,7,0.26,0.3,7,0.52,0.28
"Kovács-Hostyánszki et al., 2022. Basic and Applied Ecology: 64: 89-102",10.1016/j.baae.2022.07.003,2022,PR63,OBS393,CHT124,CHT123,47.3064,19.4022,Non-tropical,Europe,Hungary,Wasteland/Old-field,Erigeron canadensis ,Erigeron canadensis ,SP19,Wild bee species diversity,Diversity,Pollinator,NA,NA,Non-woody,NA,,,NA,,,NA,,Insecta,Hymnoptera,Figure 6 (ESM),Observational,Invaded vs Uninvaded,7,1,0.86,7,0.86,1.02
"Kovács-Hostyánszki et al., 2022. Basic and Applied Ecology: 64: 89-102",10.1016/j.baae.2022.07.003,2022,PR63,OBS394,CHT125,CHT124,46.7881,19.2941,Non-tropical,Europe,Hungary,Wasteland/Old-field,Gaillardia aristata ,Gaillardia aristata ,SP21,Hoverfly abundance,Abundance,Pollinator,NA,NA,Non-woody,NA,,,NA,,Yellow,NA,,Insecta,Diptera,Figure 7 (ESM),Observational,Invaded vs Uninvaded,7,20.84,20.15,7,10.6,6.91
"Kovács-Hostyánszki et al., 2022. Basic and Applied Ecology: 64: 89-102",10.1016/j.baae.2022.07.003,2022,PR63,OBS395,CHT125,CHT124,46.7881,19.2941,Non-tropical,Europe,Hungary,Wasteland/Old-field,Gaillardia aristata ,Gaillardia aristata ,SP21,Wild bee abundance,Abundance,Pollinator,NA,NA,Non-woody,NA,,,NA,,Yellow,NA,,Insecta,Hymnoptera,Figure 7 (ESM),Observational,Invaded vs Uninvaded,7,6.89,1.01,7,5.62,3.14
"Kovács-Hostyánszki et al., 2022. Basic and Applied Ecology: 64: 89-102",10.1016/j.baae.2022.07.003,2022,PR63,OBS396,CHT125,CHT124,46.7881,19.2941,Non-tropical,Europe,Hungary,Wasteland/Old-field,Gaillardia aristata ,Gaillardia aristata ,SP21,Honey bee abundance,Abundance,Pollinator,NA,NA,Non-woody,NA,,,NA,,Yellow,NA,,Insecta,Hymnoptera,Figure 7 (ESM),Observational,Invaded vs Uninvaded,7,23.26,15.76,7,4.3,5.72
"Kovács-Hostyánszki et al., 2022. Basic and Applied Ecology: 64: 89-102",10.1016/j.baae.2022.07.003,2022,PR63,OBS397,CHT125,CHT124,46.7881,19.2941,Non-tropical,Europe,Hungary,Wasteland/Old-field,Gaillardia aristata ,Gaillardia aristata ,SP21,Hoverfly species richness,Richness,Pollinator,NA,NA,Non-woody,NA,,,NA,,Yellow,NA,,Insecta,Diptera,Figure 7 (ESM),Observational,Invaded vs Uninvaded,7,2.25,0.4,7,1.62,0.64
"Kovács-Hostyánszki et al., 2022. Basic and Applied Ecology: 64: 89-102",10.1016/j.baae.2022.07.003,2022,PR63,OBS398,CHT125,CHT124,46.7881,19.2941,Non-tropical,Europe,Hungary,Wasteland/Old-field,Gaillardia aristata ,Gaillardia aristata ,SP21,Wild bee species richness,Richness,Pollinator,NA,NA,Non-woody,NA,,,NA,,Yellow,NA,,Insecta,Hymnoptera,Figure 7 (ESM),Observational,Invaded vs Uninvaded,7,3.37,1.01,7,3.27,2.89
"Kovács-Hostyánszki et al., 2022. Basic and Applied Ecology: 64: 89-102",10.1016/j.baae.2022.07.003,2022,PR63,OBS399,CHT125,CHT124,46.7881,19.2941,Non-tropical,Europe,Hungary,Wasteland/Old-field,Gaillardia aristata ,Gaillardia aristata ,SP21,Hoverfly species diversity,Diversity,Pollinator,NA,NA,Non-woody,NA,,,NA,,Yellow,NA,,Insecta,Diptera,Figure 7 (ESM),Observational,Invaded vs Uninvaded,7,0.68,0.21,7,0.23,0.3
"Kovács-Hostyánszki et al., 2022. Basic and Applied Ecology: 64: 89-102",10.1016/j.baae.2022.07.003,2022,PR63,OBS400,CHT125,CHT124,46.7881,19.2941,Non-tropical,Europe,Hungary,Wasteland/Old-field,Gaillardia aristata ,Gaillardia aristata ,SP21,Wild bee species diversity,Diversity,Pollinator,NA,NA,Non-woody,NA,,,NA,,Yellow,NA,,Insecta,Hymnoptera,Figure 7 (ESM),Observational,Invaded vs Uninvaded,7,1.1,0.3,7,0.87,0.87
"Kovács-Hostyánszki et al., 2022. Basic and Applied Ecology: 64: 89-102",10.1016/j.baae.2022.07.003,2022,PR63,OBS401,CHT126,CHT125,47.869102,23.249128,Non-tropical,Europe,Romania,Wasteland/Old-field,Helianthus tuberosus,Helianthus tuberosus,SP23,Hoverfly abundance,Abundance,Pollinator,NA,NA,Non-woody,NA,,,NA,,Yellow,NA,,Insecta,Diptera,Figure 8 (ESM),Observational,Invaded vs Uninvaded,6,14.89,8.53,6,1.52,2.22
"Kovács-Hostyánszki et al., 2022. Basic and Applied Ecology: 64: 89-102",10.1016/j.baae.2022.07.003,2022,PR63,OBS402,CHT126,CHT125,47.869102,23.249128,Non-tropical,Europe,Romania,Wasteland/Old-field,Helianthus tuberosus,Helianthus tuberosus,SP23,Wild bee abundance,Abundance,Pollinator,NA,NA,Non-woody,NA,,,NA,,Yellow,NA,,Insecta,Hymnoptera,Figure 8 (ESM),Observational,Invaded vs Uninvaded,6,1.9,2.88,6,0.41,0.73
"Kovács-Hostyánszki et al., 2022. Basic and Applied Ecology: 64: 89-102",10.1016/j.baae.2022.07.003,2022,PR63,OBS403,CHT126,CHT125,47.869102,23.249128,Non-tropical,Europe,Romania,Wasteland/Old-field,Helianthus tuberosus,Helianthus tuberosus,SP23,Honey bee abundance,Abundance,Pollinator,NA,NA,Non-woody,NA,,,NA,,Yellow,NA,,Insecta,Hymnoptera,Figure 8 (ESM),Observational,Invaded vs Uninvaded,6,0.93,1.47,6,0.2,0.25
"Kovács-Hostyánszki et al., 2022. Basic and Applied Ecology: 64: 89-102",10.1016/j.baae.2022.07.003,2022,PR63,OBS404,CHT126,CHT125,47.869102,23.249128,Non-tropical,Europe,Romania,Wasteland/Old-field,Helianthus tuberosus,Helianthus tuberosus,SP23,Hoverfly species richness,Richness,Pollinator,NA,NA,Non-woody,NA,,,NA,,Yellow,NA,,Insecta,Diptera,Figure 8 (ESM),Observational,Invaded vs Uninvaded,6,2.25,1.54,6,0.63,0.87
"Kovács-Hostyánszki et al., 2022. Basic and Applied Ecology: 64: 89-102",10.1016/j.baae.2022.07.003,2022,PR63,OBS405,CHT126,CHT125,47.869102,23.249128,Non-tropical,Europe,Romania,Wasteland/Old-field,Helianthus tuberosus,Helianthus tuberosus,SP23,Wild bee species richness,Richness,Pollinator,NA,NA,Non-woody,NA,,,NA,,Yellow,NA,,Insecta,Hymnoptera,Figure 8 (ESM),Observational,Invaded vs Uninvaded,6,1.88,2.88,6,1.13,1.54
"Kovács-Hostyánszki et al., 2022. Basic and Applied Ecology: 64: 89-102",10.1016/j.baae.2022.07.003,2022,PR63,OBS406,CHT126,CHT125,47.869102,23.249128,Non-tropical,Europe,Romania,Wasteland/Old-field,Helianthus tuberosus,Helianthus tuberosus,SP23,Hoverfly species diversity,Diversity,Pollinator,NA,NA,Non-woody,NA,,,NA,,Yellow,NA,,Insecta,Diptera,Figure 8 (ESM),Observational,Invaded vs Uninvaded,6,0.64,0.77,6,0.17,0.29
"Kovács-Hostyánszki et al., 2022. Basic and Applied Ecology: 64: 89-102",10.1016/j.baae.2022.07.003,2022,PR63,OBS407,CHT126,CHT125,47.869102,23.249128,Non-tropical,Europe,Romania,Wasteland/Old-field,Helianthus tuberosus,Helianthus tuberosus,SP23,Wild bee species diversity,Diversity,Pollinator,NA,NA,Non-woody,NA,,,NA,,Yellow,NA,,Insecta,Hymnoptera,Figure 8 (ESM),Observational,Invaded vs Uninvaded,6,1.27,0.4,6,0.27,0.47
"Kovács-Hostyánszki et al., 2022. Basic and Applied Ecology: 64: 89-102",10.1016/j.baae.2022.07.003,2022,PR63,OBS408,CHT127,CHT126,46.405159,23.440733,Non-tropical,Europe,Romania,Riparain,Impatiens glandulifera,Impatiens glandulifera,SP26,Hoverfly abundance,Abundance,Pollinator,NA,NA,Non-woody,NA,,Zygomorphic,NA,,Purple,NA,,Insecta,Diptera,Figure 9 (ESM),Observational,Invaded vs Uninvaded,7,12,7.16,7,7.37,3.58
"Kovács-Hostyánszki et al., 2022. Basic and Applied Ecology: 64: 89-102",10.1016/j.baae.2022.07.003,2022,PR63,OBS409,CHT127,CHT126,46.405159,23.440733,Non-tropical,Europe,Romania,Riparain,Impatiens glandulifera,Impatiens glandulifera,SP26,Wild bee abundance,Abundance,Pollinator,NA,NA,Non-woody,NA,,Zygomorphic,NA,,Purple,NA,,Insecta,Hymnoptera,Figure 9 (ESM),Observational,Invaded vs Uninvaded,7,88.91,46.59,7,4.45,3.58
"Kovács-Hostyánszki et al., 2022. Basic and Applied Ecology: 64: 89-102",10.1016/j.baae.2022.07.003,2022,PR63,OBS410,CHT127,CHT126,46.405159,23.440733,Non-tropical,Europe,Romania,Riparain,Impatiens glandulifera,Impatiens glandulifera,SP26,Honey bee abundance,Abundance,Pollinator,NA,NA,Non-woody,NA,,Zygomorphic,NA,,Purple,NA,,Insecta,Hymnoptera,Figure 9 (ESM),Observational,Invaded vs Uninvaded,7,21.12,33.62,7,0.73,0.96
"Kovács-Hostyánszki et al., 2022. Basic and Applied Ecology: 64: 89-102",10.1016/j.baae.2022.07.003,2022,PR63,OBS411,CHT127,CHT126,46.405159,23.440733,Non-tropical,Europe,Romania,Riparain,Impatiens glandulifera,Impatiens glandulifera,SP26,Hoverfly species richness,Richness,Pollinator,NA,NA,Non-woody,NA,,Zygomorphic,NA,,Purple,NA,,Insecta,Diptera,Figure 9 (ESM),Observational,Invaded vs Uninvaded,7,1.12,1.06,7,1,1.28
"Kovács-Hostyánszki et al., 2022. Basic and Applied Ecology: 64: 89-102",10.1016/j.baae.2022.07.003,2022,PR63,OBS412,CHT127,CHT126,46.405159,23.440733,Non-tropical,Europe,Romania,Riparain,Impatiens glandulifera,Impatiens glandulifera,SP26,Wild bee species richness,Richness,Pollinator,NA,NA,Non-woody,NA,,Zygomorphic,NA,,Purple,NA,,Insecta,Hymnoptera,Figure 9 (ESM),Observational,Invaded vs Uninvaded,7,2.37,1.42,7,1.12,1.01
"Kovács-Hostyánszki et al., 2022. Basic and Applied Ecology: 64: 89-102",10.1016/j.baae.2022.07.003,2022,PR63,OBS413,CHT127,CHT126,46.405159,23.440733,Non-tropical,Europe,Romania,Riparain,Impatiens glandulifera,Impatiens glandulifera,SP26,Hoverfly species diversity,Diversity,Pollinator,NA,NA,Non-woody,NA,,Zygomorphic,NA,,Purple,NA,,Insecta,Diptera,Figure 9 (ESM),Observational,Invaded vs Uninvaded,7,0.43,0.44,7,0.47,0.31
"Kovács-Hostyánszki et al., 2022. Basic and Applied Ecology: 64: 89-102",10.1016/j.baae.2022.07.003,2022,PR63,OBS414,CHT127,CHT126,46.405159,23.440733,Non-tropical,Europe,Romania,Riparain,Impatiens glandulifera,Impatiens glandulifera,SP26,Wild bee species diversity,Diversity,Pollinator,NA,NA,Non-woody,NA,,Zygomorphic,NA,,Purple,NA,,Insecta,Hymnoptera,Figure 9 (ESM),Observational,Invaded vs Uninvaded,7,0.66,0.64,7,0.28,0.47
"Kovács-Hostyánszki et al., 2022. Basic and Applied Ecology: 64: 89-102",10.1016/j.baae.2022.07.003,2022,PR63,OBS415,CHT128,CHT127,46.666461,23.238219,Non-tropical,Europe,Romania,Riparain,Reynoutria japonica,Reynoutria japonica,SP48,Hoverfly abundance,Abundance,Pollinator,NA,NA,Woody/Non-woody,NA,,Creamy-white,NA,,,NA,,Insecta,Diptera,Figure 10 (ESM),Observational,Invaded vs Uninvaded,6,41.89,31.94,6,13.81,13.56
"Kovács-Hostyánszki et al., 2022. Basic and Applied Ecology: 64: 89-102",10.1016/j.baae.2022.07.003,2022,PR63,OBS416,CHT128,CHT127,46.666461,23.238219,Non-tropical,Europe,Romania,Riparain,Reynoutria japonica,Reynoutria japonica,SP48,Wild bee abundance,Abundance,Pollinator,NA,NA,Woody/Non-woody,NA,,Creamy-white,NA,,,NA,,Insecta,Hymnoptera,Figure 10 (ESM),Observational,Invaded vs Uninvaded,6,2,1.34,6,3,0.01
"Kovács-Hostyánszki et al., 2022. Basic and Applied Ecology: 64: 89-102",10.1016/j.baae.2022.07.003,2022,PR63,OBS417,CHT128,CHT127,46.666461,23.238219,Non-tropical,Europe,Romania,Riparain,Reynoutria japonica,Reynoutria japonica,SP48,Honey bee abundance,Abundance,Pollinator,NA,NA,Woody/Non-woody,NA,,Creamy-white,NA,,,NA,,Insecta,Hymnoptera,Figure 10 (ESM),Observational,Invaded vs Uninvaded,6,1,0.01,6,0.37,0.67
"Kovács-Hostyánszki et al., 2022. Basic and Applied Ecology: 64: 89-102",10.1016/j.baae.2022.07.003,2022,PR63,OBS418,CHT128,CHT127,46.666461,23.238219,Non-tropical,Europe,Romania,Riparain,Reynoutria japonica,Reynoutria japonica,SP48,Hoverfly species richness,Richness,Pollinator,NA,NA,Woody/Non-woody,NA,,Creamy-white,NA,,,NA,,Insecta,Diptera,Figure 10 (ESM),Observational,Invaded vs Uninvaded,6,4.37,1.93,6,1.87,1.73
"Kovács-Hostyánszki et al., 2022. Basic and Applied Ecology: 64: 89-102",10.1016/j.baae.2022.07.003,2022,PR63,OBS419,CHT128,CHT127,46.666461,23.238219,Non-tropical,Europe,Romania,Riparain,Reynoutria japonica,Reynoutria japonica,SP48,Wild bee species richness,Richness,Pollinator,NA,NA,Woody/Non-woody,NA,,Creamy-white,NA,,,NA,,Insecta,Hymnoptera,Figure 10 (ESM),Observational,Invaded vs Uninvaded,6,1.12,1.54,6,0.99,1.34
"Kovács-Hostyánszki et al., 2022. Basic and Applied Ecology: 64: 89-102",10.1016/j.baae.2022.07.003,2022,PR63,OBS420,CHT128,CHT127,46.666461,23.238219,Non-tropical,Europe,Romania,Riparain,Reynoutria japonica,Reynoutria japonica,SP48,Hoverfly species diversity,Diversity,Pollinator,NA,NA,Woody/Non-woody,NA,,Creamy-white,NA,,,NA,,Insecta,Diptera,Figure 10 (ESM),Observational,Invaded vs Uninvaded,6,1.15,0.69,6,0.43,0.54
"Kovács-Hostyánszki et al., 2022. Basic and Applied Ecology: 64: 89-102",10.1016/j.baae.2022.07.003,2022,PR63,OBS421,CHT128,CHT127,46.666461,23.238219,Non-tropical,Europe,Romania,Riparain,Reynoutria japonica,Reynoutria japonica,SP48,Wild bee species diversity,Diversity,Pollinator,NA,NA,Woody/Non-woody,NA,,Creamy-white,NA,,,NA,,Insecta,Hymnoptera,Figure 10 (ESM),Observational,Invaded vs Uninvaded,6,0.45,0.64,6,0.33,0.45
"Kovács-Hostyánszki et al., 2022. Basic and Applied Ecology: 64: 89-102",10.1016/j.baae.2022.07.003,2022,PR63,OBS422,CHT129,CHT128,46.574641,25.038028,Non-tropical,Europe,Romania,Wasteland/Old-field,Rudbeckia laciniata,Rudbeckia laciniata,SP52,Hoverfly abundance,Abundance,Pollinator,NA,NA,Non-woody,NA,,,NA,,Yellow,NA,,Insecta,Diptera,Figure 11 (ESM),Observational,Invaded vs Uninvaded,7,14.57,10.63,7,6.43,4.09
"Kovács-Hostyánszki et al., 2022. Basic and Applied Ecology: 64: 89-102",10.1016/j.baae.2022.07.003,2022,PR63,OBS423,CHT129,CHT128,46.574641,25.038028,Non-tropical,Europe,Romania,Wasteland/Old-field,Rudbeckia laciniata,Rudbeckia laciniata,SP52,Wild bee abundance,Abundance,Pollinator,NA,NA,Non-woody,NA,,,NA,,Yellow,NA,,Insecta,Hymnoptera,Figure 11 (ESM),Observational,Invaded vs Uninvaded,7,6.81,3.96,7,10.87,7.11
"Kovács-Hostyánszki et al., 2022. Basic and Applied Ecology: 64: 89-102",10.1016/j.baae.2022.07.003,2022,PR63,OBS424,CHT129,CHT128,46.574641,25.038028,Non-tropical,Europe,Romania,Wasteland/Old-field,Rudbeckia laciniata,Rudbeckia laciniata,SP52,Honey bee abundance,Abundance,Pollinator,NA,NA,Non-woody,NA,,,NA,,Yellow,NA,,Insecta,Hymnoptera,Figure 11 (ESM),Observational,Invaded vs Uninvaded,7,140.5,146.54,7,28.79,31.91
"Kovács-Hostyánszki et al., 2022. Basic and Applied Ecology: 64: 89-102",10.1016/j.baae.2022.07.003,2022,PR63,OBS425,CHT129,CHT128,46.574641,25.038028,Non-tropical,Europe,Romania,Wasteland/Old-field,Rudbeckia laciniata,Rudbeckia laciniata,SP52,Hoverfly species richness,Richness,Pollinator,NA,NA,Non-woody,NA,,,NA,,Yellow,NA,,Insecta,Diptera,Figure 11 (ESM),Observational,Invaded vs Uninvaded,7,3.5,1.23,7,3.14,3.48
"Kovács-Hostyánszki et al., 2022. Basic and Applied Ecology: 64: 89-102",10.1016/j.baae.2022.07.003,2022,PR63,OBS426,CHT129,CHT128,46.574641,25.038028,Non-tropical,Europe,Romania,Wasteland/Old-field,Rudbeckia laciniata,Rudbeckia laciniata,SP52,Wild bee species richness,Richness,Pollinator,NA,NA,Non-woody,NA,,,NA,,Yellow,NA,,Insecta,Hymnoptera,Figure 11 (ESM),Observational,Invaded vs Uninvaded,7,2.37,1.01,7,4.62,1.42
"Kovács-Hostyánszki et al., 2022. Basic and Applied Ecology: 64: 89-102",10.1016/j.baae.2022.07.003,2022,PR63,OBS427,CHT129,CHT128,46.574641,25.038028,Non-tropical,Europe,Romania,Wasteland/Old-field,Rudbeckia laciniata,Rudbeckia laciniata,SP52,Hoverfly species diversity,Diversity,Pollinator,NA,NA,Non-woody,NA,,,NA,,Yellow,NA,,Insecta,Diptera,Figure 11 (ESM),Observational,Invaded vs Uninvaded,7,1.12,0.38,7,0.89,0.9
"Kovács-Hostyánszki et al., 2022. Basic and Applied Ecology: 64: 89-102",10.1016/j.baae.2022.07.003,2022,PR63,OBS428,CHT129,CHT128,46.574641,25.038028,Non-tropical,Europe,Romania,Wasteland/Old-field,Rudbeckia laciniata,Rudbeckia laciniata,SP52,Wild bee species diversity,Diversity,Pollinator,NA,NA,Non-woody,NA,,,NA,,Yellow,NA,,Insecta,Hymnoptera,Figure 11 (ESM),Observational,Invaded vs Uninvaded,7,0.75,0.42,7,1.44,0.33
"Kovács-Hostyánszki et al., 2022. Basic and Applied Ecology: 64: 89-102",10.1016/j.baae.2022.07.003,2022,PR63,OBS429,CHT130,CHT129,46.11511,24.49866,Non-tropical,Europe,Romania,Wasteland/Old-field,Solidago canadensis,Solidago canadensis,SP57,Hoverfly abundance,Abundance,Pollinator,NA,NA,Non-woody,NA,,,NA,,Yellow,NA,,Insecta,Diptera,Figure 12 (ESM),Observational,Invaded vs Uninvaded,7,46.99,39.88,7,10.64,13.19
"Kovács-Hostyánszki et al., 2022. Basic and Applied Ecology: 64: 89-102",10.1016/j.baae.2022.07.003,2022,PR63,OBS430,CHT130,CHT129,46.11511,24.49866,Non-tropical,Europe,Romania,Wasteland/Old-field,Solidago canadensis,Solidago canadensis,SP57,Wild bee abundance,Abundance,Pollinator,NA,NA,Non-woody,NA,,,NA,,Yellow,NA,,Insecta,Hymnoptera,Figure 12 (ESM),Observational,Invaded vs Uninvaded,7,19.06,20.05,7,7.5,6.93
"Kovács-Hostyánszki et al., 2022. Basic and Applied Ecology: 64: 89-102",10.1016/j.baae.2022.07.003,2022,PR63,OBS431,CHT130,CHT129,46.11511,24.49866,Non-tropical,Europe,Romania,Wasteland/Old-field,Solidago canadensis,Solidago canadensis,SP57,Honey bee abundance,Abundance,Pollinator,NA,NA,Non-woody,NA,,,NA,,Yellow,NA,,Insecta,Hymnoptera,Figure 12 (ESM),Observational,Invaded vs Uninvaded,7,12.24,11.88,7,11.12,12.66
"Kovács-Hostyánszki et al., 2022. Basic and Applied Ecology: 64: 89-102",10.1016/j.baae.2022.07.003,2022,PR63,OBS432,CHT130,CHT129,46.11511,24.49866,Non-tropical,Europe,Romania,Wasteland/Old-field,Solidago canadensis,Solidago canadensis,SP57,Hoverfly species richness,Richness,Pollinator,NA,NA,Non-woody,NA,,,NA,,Yellow,NA,,Insecta,Diptera,Figure 12 (ESM),Observational,Invaded vs Uninvaded,7,2.64,2.29,7,1.39,1.41
"Kovács-Hostyánszki et al., 2022. Basic and Applied Ecology: 64: 89-102",10.1016/j.baae.2022.07.003,2022,PR63,OBS433,CHT130,CHT129,46.11511,24.49866,Non-tropical,Europe,Romania,Wasteland/Old-field,Solidago canadensis,Solidago canadensis,SP57,Wild bee species richness,Richness,Pollinator,NA,NA,Non-woody,NA,,,NA,,Yellow,NA,,Insecta,Hymnoptera,Figure 12 (ESM),Observational,Invaded vs Uninvaded,7,4.5,2.94,7,3.62,0.64
"Kovács-Hostyánszki et al., 2022. Basic and Applied Ecology: 64: 89-102",10.1016/j.baae.2022.07.003,2022,PR63,OBS434,CHT130,CHT129,46.11511,24.49866,Non-tropical,Europe,Romania,Wasteland/Old-field,Solidago canadensis,Solidago canadensis,SP57,Hoverfly species diversity,Diversity,Pollinator,NA,NA,Non-woody,NA,,,NA,,Yellow,NA,,Insecta,Diptera,Figure 12 (ESM),Observational,Invaded vs Uninvaded,7,0.69,0.55,7,0.24,0.4
"Kovács-Hostyánszki et al., 2022. Basic and Applied Ecology: 64: 89-102",10.1016/j.baae.2022.07.003,2022,PR63,OBS435,CHT130,CHT129,46.11511,24.49866,Non-tropical,Europe,Romania,Wasteland/Old-field,Solidago canadensis,Solidago canadensis,SP57,Wild bee species diversity,Diversity,Pollinator,NA,NA,Non-woody,NA,,,NA,,Yellow,NA,,Insecta,Hymnoptera,Figure 12 (ESM),Observational,Invaded vs Uninvaded,7,1.24,0.78,7,1.23,0.25
"Kovács-Hostyánszki et al., 2022. Basic and Applied Ecology: 64: 89-102",10.1016/j.baae.2022.07.003,2022,PR63,OBS436,CHT131,CHT130,47.1479,18.2286,Non-tropical,Europe,Hungary,Grassland,Solidago gigantea ,Solidago gigantea ,SP59,Hoverfly abundance,Abundance,Pollinator,NA,NA,Non-woody,NA,,,NA,,Yellow,NA,,Insecta,Diptera,Figure 13 (ESM),Observational,Invaded vs Uninvaded,7,10.97,10.88,7,2.08,2.59
"Kovács-Hostyánszki et al., 2022. Basic and Applied Ecology: 64: 89-102",10.1016/j.baae.2022.07.003,2022,PR63,OBS437,CHT131,CHT130,47.1479,18.2286,Non-tropical,Europe,Hungary,Grassland,Solidago gigantea ,Solidago gigantea ,SP59,Wild bee abundance,Abundance,Pollinator,NA,NA,Non-woody,NA,,,NA,,Yellow,NA,,Insecta,Hymnoptera,Figure 13 (ESM),Observational,Invaded vs Uninvaded,7,3.2,3.29,7,5.96,7.33
"Kovács-Hostyánszki et al., 2022. Basic and Applied Ecology: 64: 89-102",10.1016/j.baae.2022.07.003,2022,PR63,OBS438,CHT131,CHT130,47.1479,18.2286,Non-tropical,Europe,Hungary,Grassland,Solidago gigantea ,Solidago gigantea ,SP59,Honey bee abundance,Abundance,Pollinator,NA,NA,Non-woody,NA,,,NA,,Yellow,NA,,Insecta,Hymnoptera,Figure 13 (ESM),Observational,Invaded vs Uninvaded,7,84.51,117.76,7,16.6,23.12
"Kovács-Hostyánszki et al., 2022. Basic and Applied Ecology: 64: 89-102",10.1016/j.baae.2022.07.003,2022,PR63,OBS439,CHT131,CHT130,47.1479,18.2286,Non-tropical,Europe,Hungary,Grassland,Solidago gigantea ,Solidago gigantea ,SP59,Hoverfly species richness,Richness,Pollinator,NA,NA,Non-woody,NA,,,NA,,Yellow,NA,,Insecta,Diptera,Figure 13 (ESM),Observational,Invaded vs Uninvaded,7,3,2.52,7,0.87,1.06
"Kovács-Hostyánszki et al., 2022. Basic and Applied Ecology: 64: 89-102",10.1016/j.baae.2022.07.003,2022,PR63,OBS440,CHT131,CHT130,47.1479,18.2286,Non-tropical,Europe,Hungary,Grassland,Solidago gigantea ,Solidago gigantea ,SP59,Wild bee species richness,Richness,Pollinator,NA,NA,Non-woody,NA,,,NA,,Yellow,NA,,Insecta,Hymnoptera,Figure 13 (ESM),Observational,Invaded vs Uninvaded,7,2.12,2.66,7,2.62,3.49
"Kovács-Hostyánszki et al., 2022. Basic and Applied Ecology: 64: 89-102",10.1016/j.baae.2022.07.003,2022,PR63,OBS441,CHT131,CHT130,47.1479,18.2286,Non-tropical,Europe,Hungary,Grassland,Solidago gigantea ,Solidago gigantea ,SP59,Hoverfly species diversity,Diversity,Pollinator,NA,NA,Non-woody,NA,,,NA,,Yellow,NA,,Insecta,Diptera,Figure 13 (ESM),Observational,Invaded vs Uninvaded,7,0.78,0.77,7,0.35,0.44
"Kovács-Hostyánszki et al., 2022. Basic and Applied Ecology: 64: 89-102",10.1016/j.baae.2022.07.003,2022,PR63,OBS442,CHT131,CHT130,47.1479,18.2286,Non-tropical,Europe,Hungary,Grassland,Solidago gigantea ,Solidago gigantea ,SP59,Wild bee species diversity,Diversity,Pollinator,NA,NA,Non-woody,NA,,,NA,,Yellow,NA,,Insecta,Hymnoptera,Figure 13 (ESM),Observational,Invaded vs Uninvaded,7,0.79,1.05,7,0.74,1.27
"Kovács-Hostyánszki et al., 2022. Basic and Applied Ecology: 64: 89-102",10.1016/j.baae.2022.07.003,2022,PR63,OBS443,CHT132,CHT131,47.6083,19.0581,Non-tropical,Europe,Hungary,Grassland,Symphyotrichum lanceolatum,Symphyotrichum lanceolatum,SP62,Hoverfly abundance,Abundance,Pollinator,NA,NA,Non-woody,NA,,,NA,,,NA,,Insecta,Diptera,Figure 14 (ESM),Observational,Invaded vs Uninvaded,7,51.29,25.84,7,3.1,3.76
"Kovács-Hostyánszki et al., 2022. Basic and Applied Ecology: 64: 89-102",10.1016/j.baae.2022.07.003,2022,PR63,OBS444,CHT132,CHT131,47.6083,19.0581,Non-tropical,Europe,Hungary,Grassland,Symphyotrichum lanceolatum,Symphyotrichum lanceolatum,SP62,Wild bee abundance,Abundance,Pollinator,NA,NA,Non-woody,NA,,,NA,,,NA,,Insecta,Hymnoptera,Figure 14 (ESM),Observational,Invaded vs Uninvaded,7,10.16,6.81,7,1.28,1.22
"Kovács-Hostyánszki et al., 2022. Basic and Applied Ecology: 64: 89-102",10.1016/j.baae.2022.07.003,2022,PR63,OBS445,CHT132,CHT131,47.6083,19.0581,Non-tropical,Europe,Hungary,Grassland,Symphyotrichum lanceolatum,Symphyotrichum lanceolatum,SP62,Honey bee abundance,Abundance,Pollinator,NA,NA,Non-woody,NA,,,NA,,,NA,,Insecta,Hymnoptera,Figure 14 (ESM),Observational,Invaded vs Uninvaded,7,164.21,82.24,7,3.04,4.47
"Kovács-Hostyánszki et al., 2022. Basic and Applied Ecology: 64: 89-102",10.1016/j.baae.2022.07.003,2022,PR63,OBS446,CHT132,CHT131,47.6083,19.0581,Non-tropical,Europe,Hungary,Grassland,Symphyotrichum lanceolatum,Symphyotrichum lanceolatum,SP62,Hoverfly species richness,Richness,Pollinator,NA,NA,Non-woody,NA,,,NA,,,NA,,Insecta,Diptera,Figure 14 (ESM),Observational,Invaded vs Uninvaded,7,4.75,0.83,7,1.12,1.83
"Kovács-Hostyánszki et al., 2022. Basic and Applied Ecology: 64: 89-102",10.1016/j.baae.2022.07.003,2022,PR63,OBS447,CHT132,CHT131,47.6083,19.0581,Non-tropical,Europe,Hungary,Grassland,Symphyotrichum lanceolatum,Symphyotrichum lanceolatum,SP62,Wild bee species richness,Richness,Pollinator,NA,NA,Non-woody,NA,,,NA,,,NA,,Insecta,Hymnoptera,Figure 14 (ESM),Observational,Invaded vs Uninvaded,7,3.5,2.48,7,1.12,1.01
"Kovács-Hostyánszki et al., 2022. Basic and Applied Ecology: 64: 89-102",10.1016/j.baae.2022.07.003,2022,PR63,OBS448,CHT132,CHT131,47.6083,19.0581,Non-tropical,Europe,Hungary,Grassland,Symphyotrichum lanceolatum,Symphyotrichum lanceolatum,SP62,Hoverfly species diversity,Diversity,Pollinator,NA,NA,Non-woody,NA,,,NA,,,NA,,Insecta,Diptera,Figure 14 (ESM),Observational,Invaded vs Uninvaded,7,1.08,0.16,7,0.89,0.64
"Kovács-Hostyánszki et al., 2022. Basic and Applied Ecology: 64: 89-102",10.1016/j.baae.2022.07.003,2022,PR63,OBS449,CHT132,CHT131,47.6083,19.0581,Non-tropical,Europe,Hungary,Grassland,Symphyotrichum lanceolatum,Symphyotrichum lanceolatum,SP62,Wild bee species diversity,Diversity,Pollinator,NA,NA,Non-woody,NA,,,NA,,,NA,,Insecta,Hymnoptera,Figure 14 (ESM),Observational,Invaded vs Uninvaded,7,0.99,0.76,7,0.29,0.48
"Adedoja et al., 2021. Insect Conservation and Diversity, 14: 814-824",10.1111/icad.12517,2021,PR64,OBS450,CHT133,CHT132,-34.0719,18.8886,Non-tropical,Africa,South Africa,Shrubland,Pinus radiata; P. pinaster,Pinus radiata; P. pinaster,SP43,Flowerâ€“visitor abundance,Abundance,Pollinator,NA,NA,Woody,NA,,,NA,,,NA,,Insecta,Mixed,Figure 2a,Observational,Within/Near vs far,36,29.22,36.74,36,43.25,13.67
"Adedoja et al., 2021. Insect Conservation and Diversity, 14: 814-824",10.1111/icad.12517,2021,PR64,OBS451,CHT133,CHT132,-34.0719,18.8886,Non-tropical,Africa,South Africa,Shrubland,Pinus radiata; P. pinaster,Pinus radiata; P. pinaster,SP43,Flowerâ€“visitor species richness,Richness,Pollinator,NA,NA,Woody,NA,,,NA,,,NA,,Insecta,Mixed,Figure 2b,Observational,Within/Near vs far,36,5,2.49,36,8.74,2.16
"Zumkier, 2011. PhD Dissertation, Bielefeld University ",NA,2011,PR65,OBS452,CHT134,CHT133,52.0367271,8.4926664,Non-tropical,Europe,Germany,Grassland,Heracleum mantegazzianum,Heracleum mantegazzianum,SP24,Seed set of Linaria vulgaris,Seed set,Pollination,Linaria vulgaris,Linaria vulgaris,Non-woody,Non-woody,Similar,Actinomorphic,Zygomorphic,Dissimilar,White,Pale yellow,Dissimilar,Insecta,Mixed,Figure 4.1,Experimental,Invaded vs Uninvaded,12,28.55,23.24412184,12,14.04,17.45907214
"Zumkier, 2011. PhD Dissertation, Bielefeld University ",NA,2011,PR65,OBS453,CHT135,CHT134,52.0367271,8.4926664,Non-tropical,Europe,Germany,Grassland,Heracleum mantegazzianum,Heracleum mantegazzianum,SP24,Seed set of Lotus corniculatus,Seed set,Pollination,Lotus corniculatus,Lotus corniculatus,Non-woody,Non-woody,Similar,Actinomorphic,Zygomorphic,Dissimilar,White,Yellow,Dissimilar,Insecta,Mixed,Figure 4.1,Experimental,Invaded vs Uninvaded,12,1.66,1.905255888,12,2.5,2.528794179
"Zumkier, 2011. PhD Dissertation, Bielefeld University ",NA,2011,PR65,OBS454,CHT136,CHT135,52.0367271,8.4926664,Non-tropical,Europe,Germany,Grassland,Heracleum mantegazzianum,Heracleum mantegazzianum,SP24,Seed set of Salvia nemorosa,Seed set,Pollination,Salvia nemorosa,Salvia nemorosa,Non-woody,Non-woody,Similar,Actinomorphic,Zygomorphic,Dissimilar,White,Blue/Voilet,Dissimilar,Insecta,Mixed,Figure 4.1,Experimental,Invaded vs Uninvaded,12,0.11,0.034641016,12,0.16,0.346410162
"Zumkier, 2011. PhD Dissertation, Bielefeld University ",NA,2011,PR65,OBS455,CHT137,CHT136,52.0367271,8.4926664,Non-tropical,Europe,Germany,Grassland,Heracleum mantegazzianum,Heracleum mantegazzianum,SP24,Seed set of Digitalis purpurea ,Seed set,Pollination,Digitalis purpurea ,Digitalis purpurea ,Non-woody,Non-woody,Similar,Actinomorphic,Zygomorphic,Dissimilar,White,Pink,Dissimilar,Insecta,Mixed,Figure 4.1,Experimental,Invaded vs Uninvaded,12,20.38,10.2883818,12,13.74,13.5099963
"Zumkier, 2011. PhD Dissertation, Bielefeld University ",NA,2011,PR65,OBS456,CHT138,CHT137,52.0367271,8.4926664,Non-tropical,Europe,Germany,Grassland,Heracleum mantegazzianum,Heracleum mantegazzianum,SP24,Seed set of Lythrum salicaria,Seed set,Pollination,Lythrum salicaria,Lythrum salicaria,Non-woody,Non-woody,Similar,Actinomorphic,Actinomorphic,Similar,White,Purple,Dissimilar,Insecta,Mixed,Figure 4.1,Experimental,Invaded vs Uninvaded,12,6.77,4.919024293,12,6.59,6.824280182
"Carmo et al., 2025. Annals of the Brazilian Academy of Sciences, 97: e20231071",10.1590/0001-3765202520231071,2025,PR66,OBS457,CHT142,CHT138,-8.4921002,-37.5265364,Tropical,South America,Brazil ,Forest,Megathyrsus maximus,Megathyrsus maximus,SP34,Native pollinator richness,Richness,Pollinator,NA,NA,Non-woody,NA,,,NA,,,NA,,Insecta,Mixed,Table SIII,Observational,Invaded vs Uninvaded,8,1.18,0.223676635,10,2,0.28234622
"Szigeti et al., 2020. Biological Invasions, 22: 3017-3030",10.1007/s10530-020-02305-6,2020,PR67,OBS458,CHT143,CHT139,47.39686,19.749968,Non-tropical,Europe,Hungary,Wasteland/Old-field,Asclepias syriaca,Asclepias syriaca,SP04,Abundance (Wild bees),Abundance,Pollinator,NA,NA,Non-woody,NA,,,NA,,White/Pink/Red,NA,,Insecta,Hymnoptera,Figure 1,Observational,Invaded vs Uninvaded,10,23.95,7.59,10,16.25,13.4
"Szigeti et al., 2020. Biological Invasions, 22: 3017-3030",10.1007/s10530-020-02305-6,2020,PR67,OBS459,CHT143,CHT139,47.39686,19.749968,Non-tropical,Europe,Hungary,Wasteland/Old-field,Asclepias syriaca,Asclepias syriaca,SP04,Species richness (Wild bees),Richness,Pollinator,NA,NA,Non-woody,NA,,,NA,,White/Pink/Red,NA,,Insecta,Hymnoptera,Figure 1,Observational,Invaded vs Uninvaded,10,6.75,1.94,10,4.62,3.44
"Szigeti et al., 2020. Biological Invasions, 22: 3017-3030",10.1007/s10530-020-02305-6,2020,PR67,OBS460,CHT143,CHT139,47.39686,19.749968,Non-tropical,Europe,Hungary,Wasteland/Old-field,Asclepias syriaca,Asclepias syriaca,SP04,Species diversity (Wild bees),Diversity,Pollinator,NA,NA,Non-woody,NA,,,NA,,White/Pink/Red,NA,,Insecta,Hymnoptera,Figure 1,Observational,Invaded vs Uninvaded,10,1.63,0.3,10,1.18,0.75
"Szigeti et al., 2020. Biological Invasions, 22: 3017-3030",10.1007/s10530-020-02305-6,2020,PR67,OBS461,CHT143,CHT139,47.39686,19.749968,Non-tropical,Europe,Hungary,Wasteland/Old-field,Asclepias syriaca,Asclepias syriaca,SP04,Abundance (Hoverflies),Abundance,Pollinator,NA,NA,Non-woody,NA,,,NA,,White/Pink/Red,NA,,Insecta,Diptera,Figure 1,Observational,Invaded vs Uninvaded,10,33.5,20.5,10,37.12,30.62
"Szigeti et al., 2020. Biological Invasions, 22: 3017-3030",10.1007/s10530-020-02305-6,2020,PR67,OBS462,CHT143,CHT139,47.39686,19.749968,Non-tropical,Europe,Hungary,Wasteland/Old-field,Asclepias syriaca,Asclepias syriaca,SP04,Species richness (Hoverflies),Richness,Pollinator,NA,NA,Non-woody,NA,,,NA,,White/Pink/Red,NA,,Insecta,Diptera,Figure 1,Observational,Invaded vs Uninvaded,10,4.25,3.01,10,3,2.85
"Szigeti et al., 2020. Biological Invasions, 22: 3017-3030",10.1007/s10530-020-02305-6,2020,PR67,OBS463,CHT143,CHT139,47.39686,19.749968,Non-tropical,Europe,Hungary,Wasteland/Old-field,Asclepias syriaca,Asclepias syriaca,SP04,Species diversity (Hoverflies),Diversity,Pollinator,NA,NA,Non-woody,NA,,,NA,,White/Pink/Red,NA,,Insecta,Diptera,Figure 1,Observational,Invaded vs Uninvaded,10,0.81,0.57,10,0.57,0.62
"Szigeti et al., 2020. Biological Invasions, 22: 3017-3030",10.1007/s10530-020-02305-6,2020,PR67,OBS464,CHT143,CHT139,47.39686,19.749968,Non-tropical,Europe,Hungary,Wasteland/Old-field,Asclepias syriaca,Asclepias syriaca,SP04,Abundance (Honey bees),Abundance,Pollinator,NA,NA,Non-woody,NA,,,NA,,White/Pink/Red,NA,,Insecta,Hymnoptera,Figure 1,Observational,Invaded vs Uninvaded,10,55.37,48.47,10,8.85,10.92
"Horsley, 2013. PhD Dissertation, The University of Leeds",NA,2013,PR68,OBS465,CHT144,CHT140,57.6429575,-9.9650205,Non-tropical,Europe,Scotland,Riparain,Impatiens glandulifera,Impatiens glandulifera,SP26,Bumblebee abundance,Abundance,Pollinator,NA,NA,Non-woody,NA,,Zygomorphic,NA,,Purple,NA,,Insecta,Hymnoptera,Figure 3.6a,Observational,Invaded vs Uninvaded,102,3.14,4.544777222,22,0.95,1.641645516
"Horsley, 2013. PhD Dissertation, The University of Leeds",NA,2013,PR68,OBS466,CHT144,CHT140,57.6429575,-9.9650205,Non-tropical,Europe,Scotland,Riparain,Impatiens glandulifera,Impatiens glandulifera,SP26,Foraging bumblebee abundance,Abundance,Pollinator,NA,NA,Non-woody,NA,,Zygomorphic,NA,,Purple,NA,,Insecta,Hymnoptera,Figure 3.6b,Observational,Invaded vs Uninvaded,16,31.44,22.28,26,9.17,7.3425881
"Albrecht et al., 2016. Biological Invasions, 18: 1801-1812",10.1007/s10530-016-1121-6,2016,PR69,OBS467,CHT145,CHT141,39.6126922,2.2521959,Non-tropical,Europe,Spain,Cropland,Oxalis pes-caprae,Oxalis pes-caprae,SP40,Number of visitors (Noncorbiculate wild bees),Abundance,Pollinator,NA,NA,Non-woody,NA,,,NA,,Yellow,NA,,Insecta,Hymnoptera,Figure 1,Observational,Invaded vs Uninvaded,6,116.76,79.36346767,6,100.56,84.85032469
"Albrecht et al., 2016. Biological Invasions, 18: 1801-1812",10.1007/s10530-016-1121-6,2016,PR69,OBS468,CHT145,CHT141,39.6126922,2.2521959,Non-tropical,Europe,Spain,Cropland,Oxalis pes-caprae,Oxalis pes-caprae,SP40,Number of visitors (honeybees),Abundance,Pollinator,NA,NA,Non-woody,NA,,,NA,,Yellow,NA,,Insecta,Hymnoptera,Figure 1,Observational,Invaded vs Uninvaded,6,55.3,42.42516235,6,14.52,10.94921915
"Albrecht et al., 2016. Biological Invasions, 18: 1801-1812",10.1007/s10530-016-1121-6,2016,PR69,OBS469,CHT145,CHT141,39.6126922,2.2521959,Non-tropical,Europe,Spain,Cropland,Oxalis pes-caprae,Oxalis pes-caprae,SP40,Number of visitors (Bumblebees),Abundance,Pollinator,NA,NA,Non-woody,NA,,,NA,,Yellow,NA,,Insecta,Hymnoptera,Figure 1,Observational,Invaded vs Uninvaded,6,15.64,27.36080043,6,0.54,0.024494897
"Albrecht et al., 2016. Biological Invasions, 18: 1801-1812",10.1007/s10530-016-1121-6,2016,PR69,OBS470,CHT145,CHT141,39.6126922,2.2521959,Non-tropical,Europe,Spain,Cropland,Oxalis pes-caprae,Oxalis pes-caprae,SP40,Number of visitors (flies),Abundance,Pollinator,NA,NA,Non-woody,NA,,,NA,,Yellow,NA,,Insecta,Diptera,Figure 1,Observational,Invaded vs Uninvaded,6,7.82,4.115142768,6,9.49,5.486857024
"Albrecht et al., 2016. Biological Invasions, 18: 1801-1812",10.1007/s10530-016-1121-6,2016,PR69,OBS471,CHT145,CHT141,39.6126922,2.2521959,Non-tropical,Europe,Spain,Cropland,Oxalis pes-caprae,Oxalis pes-caprae,SP40,Number of visitors (Beetles),Abundance,Pollinator,NA,NA,Non-woody,NA,,,NA,,Yellow,NA,,Insecta,Coleoptera,Figure 1,Observational,Invaded vs Uninvaded,6,16.2,13.66815276,6,20.67,15.03986702
"Albrecht et al., 2016. Biological Invasions, 18: 1801-1812",10.1007/s10530-016-1121-6,2016,PR69,OBS472,CHT145,CHT141,39.6126922,2.2521959,Non-tropical,Europe,Spain,Cropland,Oxalis pes-caprae,Oxalis pes-caprae,SP40,Number of visitors (Others),Abundance,Pollinator,NA,NA,Non-woody,NA,,,NA,,Yellow,NA,,Insecta,Mixed,Figure 1,Observational,Invaded vs Uninvaded,6,7.26,5.486857024,6,18.99,32.84765745
"Albrecht et al., 2016. Biological Invasions, 18: 1801-1812",10.1007/s10530-016-1121-6,2016,PR69,OBS473,CHT145,CHT141,39.6126922,2.2521959,Non-tropical,Europe,Spain,Cropland,Oxalis pes-caprae,Oxalis pes-caprae,SP40,Total number of pollinator visits to Diplotaxis erucoides,Number of visits,Pollination,Diplotaxis erucoides,Diplotaxis erucoides,Non-woody,Non-woody,Similar,Actinomorphic,Actinomorphic,Similar,Yellow,White,Dissimilar,Insecta,Mixed,Figure 2a,Observational,Invaded vs Uninvaded,10,154.42,53.790343,10,134.69,113.8419958
"Albrecht et al., 2016. Biological Invasions, 18: 1801-1812",10.1007/s10530-016-1121-6,2016,PR69,OBS474,CHT145,CHT141,39.6126922,2.2521959,Non-tropical,Europe,Spain,Cropland,Oxalis pes-caprae,Oxalis pes-caprae,SP40,Total number of honeybee visits to Diplotaxis erucoides,Number of visits,Pollination,Diplotaxis erucoides,Diplotaxis erucoides,Non-woody,Non-woody,Similar,Actinomorphic,Actinomorphic,Similar,Yellow,White,Dissimilar,Insecta,Hymnoptera,Figure 2b,Observational,Invaded vs Uninvaded,10,31.58,15.24217832,10,13.24,7.779203044
"Albrecht et al., 2016. Biological Invasions, 18: 1801-1812",10.1007/s10530-016-1121-6,2016,PR69,OBS475,CHT145,CHT141,39.6126922,2.2521959,Non-tropical,Europe,Spain,Cropland,Oxalis pes-caprae,Oxalis pes-caprae,SP40,Total number of  noncorbiculate wild bee visits to Diplotaxis erucoides,Number of visits,Pollination,Diplotaxis erucoides,Diplotaxis erucoides,Non-woody,Non-woody,Similar,Actinomorphic,Actinomorphic,Similar,Yellow,White,Dissimilar,Insecta,Hymnoptera,Figure 2c,Observational,Invaded vs Uninvaded,10,106.99,43.13346728,10,86.53,38.16869136
"Brett et al., 2024. Proc Biol Sci, 291 (2020): 20232941 .",10.1098/rspb.2023.2941,2024,PR70,OBS476,CHT146,CHT142,-34.53388889,19.43166667,Non-tropical,Africa,South Africa,Shrubland,Acacia saligna and Acacia longifolia,Acacia saligna,SP01,Species richness of flower visitors (Coleoptera)                                                                                                         ,Richness,Pollinator,NA,NA,Woody,NA,,,NA,,Yellow,NA,,Insecta,Coleoptera,Raw data (Dryad - allvisitsresults),Observational,Within/Near vs far,7,21.86,3.63,7,22.71,5.71
"Brett et al., 2024. Proc Biol Sci, 291 (2020): 20232941 .",10.1098/rspb.2023.2941,2024,PR70,OBS477,CHT146,CHT142,-34.53388889,19.43166667,Non-tropical,Africa,South Africa,Shrubland,Acacia saligna and Acacia longifolia,Acacia saligna,SP01,Species richness of flower visitors (Hymnoptera)                                                                                             ,Richness,Pollinator,NA,NA,Woody,NA,,,NA,,Yellow,NA,,Insecta,Hymnoptera,Raw data (Dryad - allvisitsresults),Observational,Within/Near vs far,7,18.14,5.96,7,15.57,2.37
"Brett et al., 2024. Proc Biol Sci, 291 (2020): 20232941 .",10.1098/rspb.2023.2941,2024,PR70,OBS478,CHT146,CHT142,-34.53388889,19.43166667,Non-tropical,Africa,South Africa,Shrubland,Acacia saligna and Acacia longifolia,Acacia saligna,SP01,Species richness of flower visitors (Diptera)                                                                                             ,Richness,Pollinator,NA,NA,Woody,NA,,,NA,,Yellow,NA,,Insecta,Diptera,Raw data (Dryad - allvisitsresults),Observational,Within/Near vs far,7,17,5.03,7,14.86,3.48
"Brett et al., 2024. Proc Biol Sci, 291 (2020): 20232941 .",10.1098/rspb.2023.2941,2024,PR70,OBS479,CHT147,CHT143,-34.53388889,19.43166667,Non-tropical,Africa,South Africa,Shrubland,Acacia saligna and Acacia longifolia,Acacia saligna and Acacia longifolia,SP02,Seed set of Carpobrotus edulis,Seed set,Pollination,Carpobrotus edulis,Carpobrotus edulis,Woody,Woody,Dissimilar,Actinomorphic,Actinomorphic,Similar,Yellow,Yellow,Similar,Insecta,Mixed,Raw data (Dryad - focals_seedcounts),Observational,Within/Near vs far,30,1170.73,358.83,30,1222.16,373.16
"Brett et al., 2024. Proc Biol Sci, 291 (2020): 20232941 .",10.1098/rspb.2023.2941,2024,PR70,OBS480,CHT148,CHT144,-34.53388889,19.43166667,Non-tropical,Africa,South Africa,Shrubland,Acacia saligna and Acacia longifolia,Acacia saligna and Acacia longifolia,SP02,Seed set of Edmondia sesamoides,Seed set,Pollination,Edmondia sesamoides,Edmondia sesamoides,Woody,Woody,Dissimilar,Actinomorphic,Actinomorphic,Similar,Yellow,White,Similar,Insecta,Mixed,Raw data (Dryad - focals_seedcounts),Observational,Within/Near vs far,60,88,21.86,60,112.88,32
"Brett et al., 2024. Proc Biol Sci, 291 (2020): 20232941 .",10.1098/rspb.2023.2941,2024,PR70,OBS481,CHT149,CHT145,-34.53388889,19.43166667,Non-tropical,Africa,South Africa,Shrubland,Acacia saligna and Acacia longifolia,Acacia saligna and Acacia longifolia,SP02,Seed set of Osteospermum moniliferum,Seed set,Pollination,Osteospermum moniliferum,Osteospermum moniliferum,Woody,Woody,Similar,Actinomorphic,Actinomorphic,Similar,Yellow,Yellow,Similar,Insecta,Mixed,Raw data (Dryad - focals_seedcounts),Observational,Within/Near vs far,371,1.42,1.51,477,2.28,1.89
"Brett et al., 2024. Proceedings of The Royal Society B-Biological Sciences, 291 (2020): 20232941 .",10.1098/rspb.2023.2941,2024,PR70,OBS482,CHT147,CHT143,-34.53388889,19.43166667,Non-tropical,Africa,South Africa,Shrubland,Acacia saligna and Acacia longifolia,Acacia saligna and Acacia longifolia,SP02,Number of visits per floral unit of Carpobrotus edulis,Number of visits,Pollination,Carpobrotus edulis,Carpobrotus edulis,Woody,Woody,Dissimilar,Actinomorphic,Actinomorphic,Similar,Yellow,Yellow,Similar,Insecta,Mixed,Table 1,Observational,Within/Near vs far,3,30.16,0.588897275,3,25.72,0.207846097
"Brett et al., 2024. Proceedings of The Royal Society B-Biological Sciences, 291 (2020): 20232941 .",10.1098/rspb.2023.2941,2024,PR70,OBS483,CHT149,CHT145,-34.53388889,19.43166667,Non-tropical,Africa,South Africa,Shrubland,Acacia saligna and Acacia longifolia,Acacia saligna and Acacia longifolia,SP02,Number of visits per floral unit of Osteospermum moniliferum,Number of visits,Pollination,Osteospermum moniliferum,Osteospermum moniliferum,Woody,Woody,Similar,Actinomorphic,Actinomorphic,Similar,Yellow,Yellow,Similar,Insecta,Mixed,Table 1,Observational,Within/Near vs far,3,24.81,1.35099963,3,28.51,1.749371316
"Brett et al., 2024. Proceedings of The Royal Society B-Biological Sciences, 291 (2020): 20232941 .",10.1098/rspb.2023.2941,2024,PR70,OBS484,CHT148,CHT144,-34.53388889,19.43166667,Non-tropical,Africa,South Africa,Shrubland,Acacia saligna and Acacia longifolia,Acacia saligna and Acacia longifolia,SP02,Number of visits per floral unit of Edmondia sesamoides,Number of visits,Pollination,Edmondia sesamoides,Edmondia sesamoides,Woody,Woody,Dissimilar,Actinomorphic,Actinomorphic,Similar,Yellow,White,Dissimilar,Insecta,Mixed,Table 1,Observational,Within/Near vs far,3,19.41,0.883345912,3,23.37,0.311769145
"Chittka & Schürkens, 2001. Nature, 411(6838): 653",10.1038/35079676,2001,PR71,OBS485,CHT150,CHT146,51.0635835,5.1719456,Non-tropical,Europe,Germany,Riparain,Impatiens glandulifera,Impatiens glandulifera,SP26,No. of seeds per flower of Stachys palustris,Seed set,Pollination,Stachys palustris,Stachys palustris,Non-woody,Non-woody,Similar,Zygomorphic,Zygomorphic,Similar,Purple,Purple/Pink/Lilac,Similar,Insecta,Hymnoptera,Figure1b,Observational,Invaded vs Uninvaded,2541,2.53,1.41,2567,3.29,1.1
"Uhey et al., 2020. Southwestern Entomologist, 45(3): 585-600",10.3958/059.045.0301,2020,PR72,OBS486,CHT151,CHT147,38.15,-108.89,Non-tropical,North America,USA,Riparain,Tamarix spp.,NA,SP36,Pollinator richness ,Richness,Pollinator,NA,NA,Woody,NA,,NA,NA,,NA,NA,,Insecta,Mixed,Table 3,Observational,Invaded vs Uninvaded,39,2.8,1.8734994,39,3.7,1.8734994
"Uhey et al., 2020. Southwestern Entomologist, 45(3): 585-600",10.3958/059.045.0301,2020,PR72,OBS487,CHT151,CHT147,38.15,-108.89,Non-tropical,North America,USA,Riparain,Tamarix spp.,NA,SP36,Pollinator abundance,Abundance,Pollinator,NA,NA,Woody,NA,,NA,NA,,NA,NA,,Insecta,Mixed,Table 3,Observational,Invaded vs Uninvaded,39,8.4,11.8654962,39,10.4,8.118497398
"Uhey et al., 2020. Southwestern Entomologist, 45(3): 585-600",10.3958/059.045.0301,2020,PR72,OBS488,CHT152,CHT148,38.15,-108.89,Non-tropical,North America,USA,Riparain,Tamarix spp.,NA,SP36,Pollinator richness ,Richness,Pollinator,NA,NA,Woody,NA,,NA,NA,,NA,NA,,Insecta,Mixed,Table 3,Observational,Invaded vs Uninvaded,39,2.8,1.8734994,39,2,1.2489996
"Uhey et al., 2020. Southwestern Entomologist, 45(3): 585-600",10.3958/059.045.0301,2020,PR72,OBS489,CHT152,CHT148,38.15,-108.89,Non-tropical,North America,USA,Riparain,Tamarix spp.,NA,SP36,Pollinator abundance,Abundance,Pollinator,NA,NA,Woody,NA,,NA,NA,,NA,NA,,Insecta,Mixed,Table 3,Observational,Invaded vs Uninvaded,39,8.4,11.8654962,39,3,2.497999199
"Grabas & Laverty, 1999. Ecoscience, 6: 230-242",10.1080/11956860.1999.11682524,1999,PR73,OBS490,CHT153,CHT149,42.93388889,-81.40694444,Non-tropical,North America,Canada,Grassland,Lythrum salicaria,Lythrum salicaria,SP33,Number of pollinators ,Abundance,Pollinator,NA,NA,Non-woody,NA,,Actinomorphic,NA,,Purple,NA,,Insecta,Mixed,Figure 3a,Experimental,High vs low,15,0.67,8.133265027,15,0.34,1.936491673
"Grabas & Laverty, 1999. Ecoscience, 6: 230-242",10.1080/11956860.1999.11682524,1999,PR73,OBS491,CHT153,CHT149,42.93388889,-81.40694444,Non-tropical,North America,Canada,Grassland,Lythrum salicaria,Lythrum salicaria,SP33,Number of pollinators ,Abundance,Pollinator,NA,NA,Non-woody,NA,,Actinomorphic,NA,,Purple,NA,,Insecta,Mixed,Figure 3a,Experimental,High vs low,30,12.67,10.57104536,30,4.3,4.76518625
"Grabas & Laverty, 1999. Ecoscience, 6: 230-242",10.1080/11956860.1999.11682524,1999,PR73,OBS492,CHT153,CHT149,42.93388889,-81.40694444,Non-tropical,North America,Canada,Grassland,Lythrum salicaria,Lythrum salicaria,SP33,Number of pollinators ,Abundance,Pollinator,NA,NA,Non-woody,NA,,Actinomorphic,NA,,Purple,NA,,Insecta,Mixed,Figure 3a,Experimental,High vs low,30,10.03,8.489699641,30,3.28,2.902929555
"Grabas & Laverty, 1999. Ecoscience, 6: 230-242",10.1080/11956860.1999.11682524,1999,PR73,OBS493,CHT154,CHT150,42.90166667,-81.41944444,Non-tropical,North America,Canada,Riparain,Lythrum salicaria,Lythrum salicaria,SP33,Number of pollinators ,Abundance,Pollinator,NA,NA,Non-woody,NA,,Actinomorphic,NA,,Purple,NA,,Insecta,Mixed,Figure 3b,Experimental,High vs low,15,3.14,11.89005887,15,0.49,1.742842506
"Grabas & Laverty, 1999. Ecoscience, 6: 230-242",10.1080/11956860.1999.11682524,1999,PR73,OBS494,CHT154,CHT150,42.90166667,-81.41944444,Non-tropical,North America,Canada,Riparain,Lythrum salicaria,Lythrum salicaria,SP33,Number of pollinators ,Abundance,Pollinator,NA,NA,Non-woody,NA,,Actinomorphic,NA,,Purple,NA,,Insecta,Mixed,Figure 3b,Experimental,High vs low,30,12.28,18.0748444,30,5,4.984275273
"Grabas & Laverty, 1999. Ecoscience, 6: 230-242",10.1080/11956860.1999.11682524,1999,PR73,OBS495,CHT154,CHT150,42.90166667,-81.41944444,Non-tropical,North America,Canada,Riparain,Lythrum salicaria,Lythrum salicaria,SP33,Number of pollinators ,Abundance,Pollinator,NA,NA,Non-woody,NA,,Actinomorphic,NA,,Purple,NA,,Insecta,Mixed,Figure 3b,Experimental,High vs low,30,11.1,9.366055733,30,2.46,2.683840532
"Grabas & Laverty, 1999. Ecoscience, 6: 230-242",10.1080/11956860.1999.11682524,1999,PR73,OBS496,CHT153,CHT149,42.93388889,-81.40694444,Non-tropical,North America,Canada,Grassland,Lythrum salicaria,Lythrum salicaria,SP33,Visits/flower/hour to Eupatorium maculatum,Visitation rate,Pollination,Eupatorium maculatum,Eutrochium maculatum,Non-woody,Non-woody,Similar,Actinomorphic,Actinomorphic,Similar,Purple,Lavender/Pink/Rosy purple,Similar,Insecta,Mixed,Figure 4a,Experimental,High vs low,30,0.69,3.560196624,30,0.78,3.99837467
"Grabas & Laverty, 1999. Ecoscience, 6: 230-242",10.1080/11956860.1999.11682524,1999,PR73,OBS497,CHT153,CHT149,42.93388889,-81.40694444,Non-tropical,North America,Canada,Grassland,Lythrum salicaria,Lythrum salicaria,SP33,Visits/flower/hour to Eupatorium maculatum,Visitation rate,Pollination,Eupatorium maculatum,Eutrochium maculatum,Non-woody,Non-woody,Similar,Actinomorphic,Actinomorphic,Similar,Purple,Lavender/Pink/Rosy purple,Similar,Insecta,Mixed,Figure 4a,Experimental,High vs low,30,1.12,6.079720388,30,1.09,5.093819785
"Grabas & Laverty, 1999. Ecoscience, 6: 230-242",10.1080/11956860.1999.11682524,1999,PR73,OBS498,CHT154,CHT150,42.90166667,-81.41944444,Non-tropical,North America,Canada,Riparain,Lythrum salicaria,Lythrum salicaria,SP33,Visits/flower/hour to Eupatorium maculatum,Visitation rate,Pollination,Eupatorium maculatum,Eutrochium maculatum,Non-woody,Non-woody,Similar,Actinomorphic,Actinomorphic,Similar,Purple,Lavender/Pink/Rosy purple,Similar,Insecta,Mixed,Figure 4b,Experimental,High vs low,30,1.17,5.477225575,30,0.27,1.204989627
"Grabas & Laverty, 1999. Ecoscience, 6: 230-242",10.1080/11956860.1999.11682524,1999,PR73,OBS499,CHT154,CHT150,42.90166667,-81.41944444,Non-tropical,North America,Canada,Riparain,Lythrum salicaria,Lythrum salicaria,SP33,Visits/flower/hour to Eupatorium maculatum,Visitation rate,Pollination,Eupatorium maculatum,Eutrochium maculatum,Non-woody,Non-woody,Similar,Actinomorphic,Actinomorphic,Similar,Purple,Lavender/Pink/Rosy purple,Similar,Insecta,Mixed,Figure 4b,Experimental,High vs low,30,0.71,5.80585911,30,0.27,2.848157299
"Grabas & Laverty, 1999. Ecoscience, 6: 230-242",10.1080/11956860.1999.11682524,1999,PR73,OBS500,CHT153,CHT149,42.93388889,-81.40694444,Non-tropical,North America,Canada,Grassland,Lythrum salicaria,Lythrum salicaria,SP33,Fruit set of  Impatiens capensis,Fruit set,Pollination,Impatiens capensis,Impatiens capensis,Non-woody,Non-woody,Similar,Actinomorphic,Zygomorphic,Dissimilar,Purple,Orange,Dissimilar,Insecta,Mixed,Figure 7b,Experimental,High vs low,3,0.47,0.329089653,3,0.78,0.277128129
"Grabas & Laverty, 1999. Ecoscience, 6: 230-242",10.1080/11956860.1999.11682524,1999,PR73,OBS501,CHT154,CHT150,42.90166667,-81.41944444,Non-tropical,North America,Canada,Riparain,Lythrum salicaria,Lythrum salicaria,SP33,Fruit set of  Impatiens capensis,Fruit set,Pollination,Impatiens capensis,Impatiens capensis,Non-woody,Non-woody,Similar,Actinomorphic,Zygomorphic,Dissimilar,Purple,Orange,Dissimilar,Insecta,Mixed,Figure 7c,Experimental,High vs low,3,0.26,0.294448637,3,0.34,0.398371686
"Carson et al., 2016. Basic and Applied Ecology, 17: 497-507",10.1016/j.baae.2016.04.004,2016,PR74,OBS502,CHT155,CHT151,42.75,âˆ’85.29,Non-tropical,North America,USA,Wasteland/Old-field,Centaurea stoebe ssp. micranthos,Centaurea stoebe subsp. australis,SP14,Bee species richness,Richness,Pollinator,NA,NA,Non-woody,NA,,,NA,,,NA,,Insecta,Hymnoptera,Figure 2d,Observational,High vs low,8,3.98,6.873077913,8,6.23,4.214356416
"Carson et al., 2016. Basic and Applied Ecology, 17: 497-507",10.1016/j.baae.2016.04.004,2016,PR74,OBS503,CHT155,CHT151,42.75,âˆ’85.29,Non-tropical,North America,USA,Wasteland/Old-field,Centaurea stoebe ssp. micranthos,Centaurea stoebe subsp. australis,SP14,Bee species richness,Richness,Pollinator,NA,NA,Non-woody,NA,,,NA,,,NA,,Insecta,Hymnoptera,Figure 2d,Observational,High vs low,8,5,2.998132752,8,5.49,0.650538239
"Ferrero et al., 2013. Biological Invasions 15, 2347-2358 ",10.1007/s10530-013-0457-4,2013,PR75,OBS504,CHT156,CHT152,40.16552778,8.40747222,Non-tropical,Europe,Portugal,,Oxalis pes-caprae,Oxalis pes-caprae,SP40,Visitation rate to ,Visitation rate,Pollination,Fumaria muralis,Fumaria muralis,Non-woody,Non-woody,Similar,Actinomorphic,Zygomorphic,Dissimilar,Yellow,Pink,Dissimilar,Insecta,Mixed,Table S1,Experimental,Invaded vs Removal,69,1.90E-06,4.90E-05,49,1.30E-06,4.80E-05
"Ferrero et al., 2013. Biological Invasions 15, 2347-2358 ",10.1007/s10530-013-0457-4,2013,PR75,OBS505,CHT156,CHT152,40.16552778,8.40747222,Non-tropical,Europe,Portugal,,Oxalis pes-caprae,Oxalis pes-caprae,SP40,Fruit Set of Fumaria muralis,Visitation rate,Pollination,Fumaria muralis,Fumaria muralis,Non-woody,Non-woody,Similar,Actinomorphic,Zygomorphic,Dissimilar,Yellow,Pink,Dissimilar,Insecta,Mixed,Table S1,Experimental,Invaded vs Removal,28,0.9,0.1,28,0.9,0.1
"Ferrero et al., 2013. Biological Invasions 15, 2347-2358 ",10.1007/s10530-013-0457-4,2013,PR75,OBS506,CHT157,CHT153,40.16552778,8.40747222,Non-tropical,Europe,Portugal,,Oxalis pes-caprae,Oxalis pes-caprae,SP40,Visitation rate to Raphanus raphanistrum,Visitation rate,Pollination,Raphanus raphanistrum,Raphanus raphanistrum,Non-woody,Non-woody,Similar,Actinomorphic,Actinomorphic,Similar,Yellow,Yellow/White,Similar,Insecta,Mixed,Table S1,Experimental,Invaded vs Removal,60,4.30E-05,4.70E-05,121,1.30E-05,4.80E-05
"Ferrero et al., 2013. Biological Invasions 15, 2347-2358 ",10.1007/s10530-013-0457-4,2013,PR75,OBS507,CHT157,CHT153,40.16552778,8.40747222,Non-tropical,Europe,Portugal,,Oxalis pes-caprae,Oxalis pes-caprae,SP40,Fruit Set of Raphanus raphanistrum,Visitation rate,Pollination,Raphanus raphanistrum,Raphanus raphanistrum,Non-woody,Non-woody,Similar,Actinomorphic,Actinomorphic,Similar,Yellow,Yellow/White,Similar,Insecta,Mixed,Table S1,Experimental,Invaded vs Removal,34,0.9,0.3,34,0.9,0.3
"Ferrero et al., 2013. Biological Invasions 15, 2347-2358 ",10.1007/s10530-013-0457-4,2013,PR75,OBS508,CHT158,CHT154,40.16552778,8.40747222,Non-tropical,Europe,Portugal,,Oxalis pes-caprae,Oxalis pes-caprae,SP40,Visitation rate to Vicia faba,Visitation rate,Pollination,Vicia faba,Vicia faba,Non-woody,Non-woody,Similar,Actinomorphic,Zygomorphic,Dissimilar,Yellow,White/Purple,Similar,Insecta,Mixed,Table S1,Experimental,Invaded vs Removal,251,5.50E-05,4.70E-05,122,5.60E-05,4.10E-05
"Ferrero et al., 2013. Biological Invasions 15, 2347-2358 ",10.1007/s10530-013-0457-4,2013,PR75,OBS509,CHT158,CHT154,40.16552778,8.40747222,Non-tropical,Europe,Portugal,,Oxalis pes-caprae,Oxalis pes-caprae,SP40,Fruit Set of Vicia faba,Visitation rate,Pollination,Vicia faba,Vicia faba,Non-woody,Non-woody,Similar,Actinomorphic,Zygomorphic,Dissimilar,Yellow,White/Purple,Similar,Insecta,Mixed,Table S1,Experimental,Invaded vs Removal,20,0.2,0.1,20,0.1,0.1
"Ferrero et al., 2013. Biological Invasions 15, 2347-2358 ",10.1007/s10530-013-0457-4,2013,PR75,OBS510,CHT159,CHT155,40.16552778,8.40747222,Non-tropical,Europe,Portugal,,Oxalis pes-caprae,Oxalis pes-caprae,SP40,Visitation rate to Brassica oleracea,Visitation rate,Pollination,Brassica oleracea,Brassica oleracea,Non-woody,Non-woody,Similar,Actinomorphic,Actinomorphic,Similar,Yellow,Yellow,Similar,Insecta,Mixed,Table S1,Experimental,Invaded vs Removal,580,1.50E-05,4.70E-05,566,1.80E-05,4.80E-05
"Ferrero et al., 2013. Biological Invasions 15, 2347-2358 ",10.1007/s10530-013-0457-4,2013,PR75,OBS511,CHT159,CHT155,40.16552778,8.40747222,Non-tropical,Europe,Portugal,,Oxalis pes-caprae,Oxalis pes-caprae,SP40,Fruit Set of Brassica oleracea,Visitation rate,Pollination,Brassica oleracea,Brassica oleracea,Non-woody,Non-woody,Similar,Actinomorphic,Actinomorphic,Similar,Yellow,Yellow,Similar,Insecta,Mixed,Table S1,Experimental,Invaded vs Removal,20,0.7,0.4,18,0.5,0.4
"Ferrero et al., 2013. Biological Invasions 15, 2347-2358 ",10.1007/s10530-013-0457-4,2013,PR75,OBS512,CHT160,CHT156,40.16552778,8.40747222,Non-tropical,Europe,Portugal,,Oxalis pes-caprae,Oxalis pes-caprae,SP40,Visitation rate to Melilotus italicus,Visitation rate,Pollination,Melilotus italicus,Melilotus italicus,Non-woody,Non-woody,Similar,Actinomorphic,Zygomorphic,Dissimilar,Yellow,Yellow,Similar,Insecta,Mixed,Table S1,Experimental,Invaded vs Removal,298,4.90E-06,4.80E-05,318,5.00E-06,4.80E-05
"Ferrero et al., 2013. Biological Invasions 15, 2347-2358 ",10.1007/s10530-013-0457-4,2013,PR75,OBS513,CHT160,CHT156,40.16552778,8.40747222,Non-tropical,Europe,Portugal,,Oxalis pes-caprae,Oxalis pes-caprae,SP40,Fruit Set of Melilotus italicus,Visitation rate,Pollination,Melilotus italicus,Melilotus italicus,Non-woody,Non-woody,Similar,Actinomorphic,Zygomorphic,Dissimilar,Yellow,Yellow,Similar,Insecta,Mixed,Table S1,Experimental,Invaded vs Removal,54,0.9,0.1,54,0.9,0.23
"Ferrero et al., 2013. Biological Invasions 15, 2347-2358 ",10.1007/s10530-013-0457-4,2013,PR75,OBS514,CHT161,CHT157,40.16552778,8.40747222,Non-tropical,Europe,Portugal,,Oxalis pes-caprae,Oxalis pes-caprae,SP40,Visitation rate to Vicia sativa,Visitation rate,Pollination,Vicia sativa,Vicia sativa,Non-woody,Non-woody,Similar,Actinomorphic,Zygomorphic,Dissimilar,Yellow,Purple,Dissimilar,Insecta,Mixed,Table S1,Experimental,Invaded vs Removal,24,0.00024,4.90E-05,35,0.00019,4.80E-05
"Ferrero et al., 2013. Biological Invasions 15, 2347-2358 ",10.1007/s10530-013-0457-4,2013,PR75,OBS515,CHT161,CHT157,40.16552778,8.40747222,Non-tropical,Europe,Portugal,,Oxalis pes-caprae,Oxalis pes-caprae,SP40,Fruit Set of Vicia sativa,Visitation rate,Pollination,Vicia sativa,Vicia sativa,Non-woody,Non-woody,Similar,Actinomorphic,Zygomorphic,Dissimilar,Yellow,Purple,Dissimilar,Insecta,Mixed,Table S1,Experimental,Invaded vs Removal,68,0.5,0.5,68,0.5,0.46
"Ulyshen et al., 2020. Forest Science, 66: 416-423",10.1093/forsci/fxz088,2020,PR76,OBS516,CHT162,CHT158,34.1563191,-83.9379077,Non-tropical,North America,USA,Riparain,Ligustrum sinense,Ligustrum sinense,SP28,Bee abundance,Abundance,Pollinator,NA,NA,Woody,NA,,,NA,,,NA,,Insecta,Hymnoptera,Figure 2,Experimental,Invaded vs Removal,3,2.57,3.481422123,8,16.28,8.089301577
"Ulyshen et al., 2020. Forest Science, 66: 416-423",10.1093/forsci/fxz088,2020,PR76,OBS517,CHT163,CHT159,34.1563191,-83.9379077,Non-tropical,North America,USA,Riparain,Ligustrum sinense,Ligustrum sinense,SP28,Bee abundance,Abundance,Pollinator,NA,NA,Woody,NA,,,NA,,,NA,,Insecta,Hymnoptera,Figure 2,Experimental,Invaded vs Removal,3,28.57,7.413177456,8,40,32.32892204
"Ulyshen et al., 2020. Forest Science, 66: 416-423",10.1093/forsci/fxz088,2020,PR76,OBS518,CHT164,CHT160,34.1563191,-83.9379077,Non-tropical,North America,USA,Riparain,Ligustrum sinense,Ligustrum sinense,SP28,Bee abundance,Abundance,Pollinator,NA,NA,Woody,NA,,,NA,,,NA,,Insecta,Hymnoptera,Figure 2,Experimental,Invaded vs Removal,4,38.57,6.28,8,43.71,28.31255552
"Ulyshen et al., 2020. Forest Science, 66: 416-423",10.1093/forsci/fxz088,2020,PR76,OBS519,CHT162,CHT158,34.1563191,-83.9379077,Non-tropical,North America,USA,Riparain,Ligustrum sinense,Ligustrum sinense,SP28,Bee richness,Richness,Pollinator,NA,NA,Woody,NA,,,NA,,,NA,,Insecta,Hymnoptera,Figure 2,Experimental,Invaded vs Removal,3,2.32,1.524204711,8,7.49,3.082985566
"Ulyshen et al., 2020. Forest Science, 66: 416-423",10.1093/forsci/fxz088,2020,PR76,OBS520,CHT163,CHT159,34.1563191,-83.9379077,Non-tropical,North America,USA,Riparain,Ligustrum sinense,Ligustrum sinense,SP28,Bee richness,Richness,Pollinator,NA,NA,Woody,NA,,,NA,,,NA,,Insecta,Hymnoptera,Figure 2,Experimental,Invaded vs Removal,3,9.3,5.04026785,8,12.87,3.903229432
"Ulyshen et al., 2020. Forest Science, 66: 416-423",10.1093/forsci/fxz088,2020,PR76,OBS521,CHT164,CHT160,34.1563191,-83.9379077,Non-tropical,North America,USA,Riparain,Ligustrum sinense,Ligustrum sinense,SP28,Bee richness,Richness,Pollinator,NA,NA,Woody,NA,,,NA,,,NA,,Insecta,Hymnoptera,Figure 2,Experimental,Invaded vs Removal,4,11.85,3.92,8,11.85,2.460731599
"Ulyshen et al., 2020. Forest Science, 66: 416-423",10.1093/forsci/fxz088,2020,PR76,OBS522,CHT162,CHT158,34.1563191,-83.9379077,Non-tropical,North America,USA,Riparain,Ligustrum sinense,Ligustrum sinense,SP28,Bee diversity,Diversity,Pollinator,NA,NA,Woody,NA,,,NA,,,NA,,Insecta,Hymnoptera,Figure 2,Experimental,Invaded vs Removal,3,0.69,0.675499815,8,1.67,0.537401154
"Ulyshen et al., 2020. Forest Science, 66: 416-423",10.1093/forsci/fxz088,2020,PR76,OBS523,CHT163,CHT159,34.1563191,-83.9379077,Non-tropical,North America,USA,Riparain,Ligustrum sinense,Ligustrum sinense,SP28,Bee diversity,Diversity,Pollinator,NA,NA,Woody,NA,,,NA,,,NA,,Insecta,Hymnoptera,Figure 2,Experimental,Invaded vs Removal,3,1.54,1.004589468,8,1.62,0.509116882
"Ulyshen et al., 2020. Forest Science, 66: 416-423",10.1093/forsci/fxz088,2020,PR76,OBS524,CHT164,CHT160,34.1563191,-83.9379077,Non-tropical,North America,USA,Riparain,Ligustrum sinense,Ligustrum sinense,SP28,Bee diversity,Diversity,Pollinator,NA,NA,Woody,NA,,,NA,,,NA,,Insecta,Hymnoptera,Figure 2,Experimental,Invaded vs Removal,4,1.6,0.5,8,1.64,0.820243866
"Kaiser et al., 2008. bioTropica, 40: 86-94",10.1111/j.1744-7429.2007.00345.x,2008,PR77,OBS525,CHT165,CHT161,-20.36666667,57.43333333,Tropical,Africa,Mauritius ,Forest,Psidium cattleyanum; Ligustrum robustum,Psidium cattleyanum ; Ligustrum robustum,SP46,Visitation rate to Syzygium mamillatum,Visitation rate,Pollination,Syzygium mamillatum,Syzygium mamillatum,Woody,Woody,Similar,Actinomorphic,Actinomorphic,Similar,White,Cream/White,Similar,Aves,Passeriformes,Figure 2a,Experimental,Invaded vs Removal,10,0.16,0.18973666,9,0.03,0.06
"Kaiser et al., 2008. bioTropica, 40: 86-94",10.1111/j.1744-7429.2007.00345.x,2008,PR77,OBS526,CHT165,CHT161,-20.36666667,57.43333333,Tropical,Africa,Mauritius ,Forest,Psidium cattleyanum; Ligustrum robustum,Psidium cattleyanum ; Ligustrum robustum,SP46,Fruit set of Syzygium mamillatum,Fruit set,Pollination,Syzygium mamillatum,Syzygium mamillatum,Woody,Woody,Similar,Actinomorphic,Actinomorphic,Similar,White,Cream/White,Similar,Aves,Passeriformes,Figure 3c,Experimental,Invaded vs Removal,38,0.32,0.18493242,79,0.22,0.266645833
"Kaiser et al., 2008. bioTropica, 40: 86-94",10.1111/j.1744-7429.2007.00345.x,2008,PR77,OBS527,CHT165,CHT161,-20.36666667,57.43333333,Tropical,Africa,Mauritius ,Forest,Psidium cattleyanum; Ligustrum robustum,Psidium cattleyanum ; Ligustrum robustum,SP46,Seed set of Syzygium mamillatum,Seed set,Pollination,Syzygium mamillatum,Syzygium mamillatum,Woody,Woody,Similar,Actinomorphic,Actinomorphic,Similar,White,Cream/White,Similar,Aves,Passeriformes,Figure 3c,Experimental,Invaded vs Removal,21,2.73,1.05399241,34,2.25,0.641404708
"Kaiser-Bunbury & Müller, 2009. Naturwissenschaften,  96: 339-346",10.1007/s00114-008-0481-x,2009,PR78,OBS528,CHT166,CHT162,-20.7,57.73333333,Tropical,Africa,Mauritius ,Wasteland/Old-field,Psidium cattleyanum,Psidium cattleyanum,SP45,Visitation rate to Bertiera zaluzania,Visitation rate,Pollination,Bertiera zaluzania,Bertiera zaluzania,Woody,Woody,Similar,Actinomorphic,Actinomorphic,Similar,White,White,Similar,Aves and Insects,Mixed,Text,Experimental,Invaded vs Removal,6,1.01,1.175755077,5,0.65,0.670820393
"Kaiser-Bunbury & Müller, 2009. Naturwissenschaften,  96: 339-346",10.1007/s00114-008-0481-x,2009,PR78,OBS529,CHT166,CHT162,-20.7,57.73333333,Tropical,Africa,Mauritius ,Wasteland/Old-field,Psidium cattleyanum,Psidium cattleyanum,SP45,Fruit set of Bertiera zaluzania,Fruit set,Pollination,Bertiera zaluzania,Bertiera zaluzania,Woody,Woody,Similar,Actinomorphic,Actinomorphic,Similar,White,White,Similar,Aves and Insects,Mixed,Text,Experimental,Invaded vs Removal,9,51.3,7.2,10,53,18.65743819
"Kaiser-Bunbury & Müller, 2009. Naturwissenschaften,  96: 339-346",10.1007/s00114-008-0481-x,2009,PR78,OBS530,CHT166,CHT162,-20.7,57.73333333,Tropical,Africa,Mauritius ,Wasteland/Old-field,Psidium cattleyanum,Psidium cattleyanum,SP45,Seed set of Bertiera zaluzania,Seed set,Pollination,Bertiera zaluzania,Bertiera zaluzania,Woody,Woody,Similar,Actinomorphic,Actinomorphic,Similar,White,White,Similar,Aves and Insects,Mixed,Text,Experimental,Invaded vs Removal,9,82.5,23.28,10,84,37.94733192
"Chung et al. 2014. Plos One, 9: e109088",10.1371/journal.pone.0109088,2014,PR79,OBS531,CHT167,CHT163,39.2731247,-89.9141868,Non-tropical,North America,USA,Forest,Rosa multiflora,Rosa multiflora,SP50,Visitation rate to Monarda bradburiana,Visitation rate,Pollination,Monarda bradburyana,Monarda bradburyana,Woody,Non-woody,Dissimilar,Actinomorphic,Zygomorphic,Dissimilar,White,Pale pink/Light lavender/White,Similar,Insecta,Hymnoptera,Data S1,Experimental,Invaded vs Removal,3,0.03,0.03,4,0.02,0.03
"Chung et al. 2014. Plos One, 9: e109088",10.1371/journal.pone.0109088,2014,PR79,OBS532,CHT168,CHT164,39.2731247,-89.9141868,Non-tropical,North America,USA,Forest,Rosa multiflora,Rosa multiflora,SP50,Visitation rate to Sanicula odorata,Visitation rate,Pollination,Sanicula odorata,Sanicula odorata,Woody,Non-woody,Dissimilar,Actinomorphic,Actinomorphic,Similar,White,Yellow,Dissimilar,Insecta,Hymnoptera,Data S1,Experimental,Invaded vs Removal,11,0.002,0.003,10,0.06,0.17
"Chung et al. 2014. Plos One, 9: e109088",10.1371/journal.pone.0109088,2014,PR79,OBS533,CHT169,CHT165,39.2731247,-89.9141868,Non-tropical,North America,USA,Forest,Rosa multiflora,Rosa multiflora,SP50,Bee species richness,Richness,Pollinator,NA,NA,Woody,NA,,,NA,,,NA,,Insecta,Hymnoptera,Data S1,Experimental,Invaded vs Removal,5,10.8,2.68,5,7.8,1.79
"Groulx & Sargent. 2018. International Journal of Plant Sciences, 179: 593-602",10.1086/699739,2018,PR80,OBS534,CHT170,CHT166,44.565549,-76.324067,Non-tropical,North America,Canada,Wetland,Lythrum salicaria,Lythrum salicaria,SP33,Number of individual pollinators,Abundance,Pollinator,NA,NA,Non-woody,NA,,Actinomorphic,NA,,Purple,NA,,Insecta,Mixed,Text,Experimental,Invaded vs Removal,20,34,16.09968944,20,22,6.260990337
"Florens et al., 2010. Biodiversity Conservation, 19: 3835-3848 ",10.1007/s10531-010-9930-x,2010,PR81,OBS535,CHT171,CHT167,-20.4018867,57.391047,Tropical,Africa,Mauritius ,Forest,Psidium cattleyanum,Psidium cattleyanum,SP45,Number of individuals of indigenous butterflies ,Abundance,Pollinator,NA,NA,Woody,NA,,,NA,,White,NA,,Insecta,Lepidoptera,Table 3 (Recalculated),Experimental,Invaded vs Removal,8,0.31,0.18,8,5.94,1.86
"Florens et al., 2010. Biodiversity Conservation, 19: 3835-3848 ",10.1007/s10531-010-9930-x,2010,PR81,OBS536,CHT171,CHT167,-20.4018867,57.391047,Tropical,Africa,Mauritius ,Forest,Psidium cattleyanum,Psidium cattleyanum,SP45,Number of species of indigenous butterflies ,Richness,Pollinator,NA,NA,Woody,NA,,,NA,,White,NA,,Insecta,Lepidoptera,Table 3 (Recalculated),Experimental,Invaded vs Removal,8,0.25,0.14,8,2.12,0.83
"Lopezaraiza-Mikel et al., 2007. Ecology Letters, 10: 539-550",10.1111/j.1461-0248.2007.01055.x,2007,PR82,OBS537,CHT172,CHT168,51.4685873,-2.7555266,Non-tropical,Europe,United Kingdom,,Impatiens glandulifera,Impatiens glandulifera,SP26,Overall insect species richness ,Richness,Pollinator,NA,NA,Non-woody,NA,,Zygomorphic,NA,,Purple,NA,,Insecta,Mixed,Figure 2a,Experimental,Invaded vs Removal,4,61.13,14.18,4,33.29,12.78
"Lopezaraiza-Mikel et al., 2007. Ecology Letters, 10: 539-550",10.1111/j.1461-0248.2007.01055.x,2007,PR82,OBS538,CHT172,CHT168,51.4685873,-2.7555266,Non-tropical,Europe,United Kingdom,,Impatiens glandulifera,Impatiens glandulifera,SP26,Overall insect species abundance ,Abundance,Pollinator,NA,NA,Non-woody,NA,,Zygomorphic,NA,,Purple,NA,,Insecta,Mixed,Figure 2b,Experimental,Invaded vs Removal,4,329.34,103.32,4,104.96,66.94
"Lopezaraiza-Mikel et al., 2007. Ecology Letters, 10: 539-550",10.1111/j.1461-0248.2007.01055.x,2007,PR82,OBS539,CHT172,CHT168,51.4685873,-2.7555266,Non-tropical,Europe,United Kingdom,,Impatiens glandulifera,Impatiens glandulifera,SP26,Insect species richness on native plants ,Richness,Pollinator,NA,NA,Non-woody,NA,,Zygomorphic,NA,,Purple,NA,,Insecta,Mixed,Figure 2c,Experimental,Invaded vs Removal,4,50.95,14.12,4,33.09,12.9
"Lopezaraiza-Mikel et al., 2007. Ecology Letters, 10: 539-550",10.1111/j.1461-0248.2007.01055.x,2007,PR82,OBS540,CHT172,CHT168,51.4685873,-2.7555266,Non-tropical,Europe,United Kingdom,,Impatiens glandulifera,Impatiens glandulifera,SP26,Insect species abundance  on native plants ,Abundance,Pollinator,NA,NA,Non-woody,NA,,Zygomorphic,NA,,Purple,NA,,Insecta,Mixed,Figure 2d,Experimental,Invaded vs Removal,4,184.09,69.32,4,104.55,66.9
"Recart & Campbell, 2021. Biological Invasions, 23:1533-1547",10.1007/s10530-021-02457-z,2021,PR83,OBS541,CHT173,CHT169,38.90326,-107.011476,Non-tropical,North America,USA,, Linaria vulgaris, Linaria vulgaris,SP29,Visitation rate to Penstemon strictus (bumble bees),Visitation rate,Pollination,Penstemon strictus,Penstemon strictus,Non-woody,Non-woody,Similar,Zygomorphic,Zygomorphic,Similar,Pale yellow,Purple,Dissimilar,Insecta,Hymnoptera,Raw data (Dryad-Year 2017,Experimental,Invaded vs Removal,25,0.73,0.75,23,0.51,0.69
"Recart & Campbell, 2021. Biological Invasions, 23:1533-1547",10.1007/s10530-021-02457-z,2021,PR83,OBS542,CHT173,CHT169,38.90326,-107.011476,Non-tropical,North America,USA,, Linaria vulgaris, Linaria vulgaris,SP29,Visitation rate to Penstemon strictus (not bumble bees),Visitation rate,Pollination,Penstemon strictus,Penstemon strictus,Non-woody,Non-woody,Similar,Zygomorphic,Zygomorphic,Similar,Pale yellow,Purple,Dissimilar,Insecta,Mixed,Raw data (Dryad-Year 2017,Experimental,Invaded vs Removal,25,0.45,0.44,23,0.26,0.25
"McKinney & Goodell, 2010. Biological Invasions, 12: 2751-2763",10.1007/s10530-009-9680-4,2010,PR84,OBS543,CHT174,CHT170,39.8803121,-82.9060937,Non-tropical,North America,USA,Forest,Lonicera maackii,Lonicera maackii,SP30,Visits/flower/10 min of Geranium maculatum,Visitation rate,Pollination,Geranium maculatum,Geranium maculatum,Woody,Non-woody,Dissimilar,Zygomorphic,Actinomorphic,Dissimilar,White/Pink,purple-pink,Similar,Insecta,Mixed,Figure 2a,Experimental,Invaded vs Removal,12,0.08,0.1,12,0.33,0.39
"McKinney & Goodell, 2010. Biological Invasions, 12: 2751-2763",10.1007/s10530-009-9680-4,2010,PR84,OBS544,CHT174,CHT170,39.8803121,-82.9060937,Non-tropical,North America,USA,Forest,Lonicera maackii,Lonicera maackii,SP30,Seed per fruit of Geranium maculatum,Seed set,Pollination,Geranium maculatum,Geranium maculatum,Woody,Non-woody,Dissimilar,Zygomorphic,Actinomorphic,Dissimilar,White/Pink,purple-pink,Similar,Insecta,Mixed,Text,Experimental,Invaded vs Removal,4,2,1.8,11,1.6,0.994987437
